2236,A. K. Avetissian
3447,Adam Abramowicz
3516,Alessandro Artale
4139,Arta Dilo Alfred
5267,Alaa R. Alameldeen
6329,A. Avestruz
10787,A. Ayanian
12036,Ahmed Abdelmonem
12037,Ahmad Faris Mohd Adnan
12888,Alexandre Acovic
14859,Ahmed Hassan M. H. Ali
15491,Ana Aguiar
20676,Amy P. Aaronson
23520,A. Azouz
24321,Amr El Abbadi
24734,A. m. Adamson
25241,Amit Almor
25355,Antonio Dos Anjos
27523,Akram Alshawabkeh
28027,Abdulrahman Y. Al Aali
30047,Ali Arsanjani
33922,A Goal Driven Approac
34878,Ash Mohammad Abbas
36820,Amr Ahmed
37205,Antonio Fernández Anta
37840,ANSHU AGGARWAL
38558,Alan J. Auerbach
38588,Ajith Amerasekerat
39956,Ahsen U. Ahmed
41080,Alexessander Alves
41193,Antnio Costa Acc
48129,Andras Andras
49564,Allen L. Ambler
51223,Ana Andrade
56728,Ankit Agrawal
60403,Andrew C. Alduino
62530,Alberto Alesina
63734,Akram N. Alshawabkeh
64727,Andrea Alu
65665,Ali Abakar
69636,Antony Ajan
71287,Asbjorn Andersen
71515,A. Jen Cov A
74165,Andrei R ˘ adulescu
74557,A. Ardila
76483,Achilleas Anagnostopoulos
80296,A. Anselm
84842,Alyssa B. Apsel
86397,Alex Arenas
87010,A. I. Akubue
87971,Asad Ali
91470,Amal J. Ahmed
94118,Antti Airola
94903,A. Abrahamsen
101873,Anders S. G. Andrae
103823,Amir Azimi Alasti Ahrabi
104466,A. Arbreton
104807,Andrea Attar
104947,A. H S L Ang
107339,Andrei V. Alexandrov
109489,Arshad Ahmed
110522,Anthony Allen
112386,Ayman F. Abouraddy
120659,Agneta Andersson
126719,Ash A Alizadeh
127028,Aref Mahdavi Ardekani
128445,Alexandr Andoni
129373,Anders Magnus Andersen
130237,A. Akeyama
134813,A. Akbari Azirani
134967,A Yu Andreitsev
135067,A. Ambleas
138192,Adrian A. Ammann
140194,Alecia Eleonora Acosta
142702,A. L. Abdussattar
147243,Ahmed Saleh Amein
149250,A. Abeln
152971,Akeel Al attar
153109,Automatic Essay Assessment
153573,Albert Esterline Nasa Ace
154898,Adham M. Abdou
156144,A. S. Abdallah
157093,Ahmet Taha Alper
157596,Andrew W. Appel
160800,A. Peter Annan
161336,Ad van der Avoird
163797,Aneel K. Aggarwal
165227,Ali Alkahky
171394,A. Anderson
178155,Ann. Inst Anwendungen
180300,Ash Mohammad Abbas
180578,A. Angehrn
182938,Authors Alphabetically Assaf
184046,Alexander E. Andreev
186229,Anthony Allen
187980,Alexandre Alvaro
188359,Adrian Akmajian
189530,A. m. a. Ambrosio
193787,A. J. Adducci
194393,Aaron Souza Adsouza
196081,Ana L. V. Azevedo
198089,Ali Almeen
198587,Amir Ali Ahmadi
198796,Andrea Altomani
201011,Andrew B. Abel
202207,Alin Achim
203438,Adarsh K. Arora
204552,A. Wayne Ashley
206825,Ali Akoglu
208507,Anna Alberini
210322,Abo Akademi
215925,Amr Saad Ayad
218456,Ahmad Alsaadi
222239,Alaa Ibrahim Ali
222541,Angela Abela
227528,A. M. Abdou
227834,Anthony Ambler
227977,A. Artieri
230142,A. Amandi
241074,A. Anopchenko
242423,Architectural Evolution Anton
243781,Antonio Fernández Anta
244228,Abdelhakim Artiba
245397,Ashfaq Ahmed
246067,Asma Arabi
246109,Andreas Abecker
249822,Amihood Amir
253166,Antonio R. Alvarez
260421,American English Anja
261417,Alexandre Agustini
263013,Ahmad Salah El Ahmad
263652,Andreas Austeng
264360,A. Amo
264844,Accuracy Assessment
264902,Arturo H. Arino
265440,An Algo rithmic Approach
266683,Ansaf Salleb Aouissi
266864,Ari Ahtiainen
267169,Ali M. Ardekani
268071,Artur Pimenta Alves
268992,Asma Amraoui
270246,Alessandro Adami
272714,August Revised April
272768,Apostolos Avlonitis
272881,A. N. Alshawabkeh
275333,Alessandro Andreadis
275781,A. Amira
277249,A. S. Andreyev
278864,Andrew Arnt
282293,Alexi C. Arango
283501,Alain C. Azagury
284914,Anish Arora
286645,A. Abramson
287586,Alex Armanasu
292662,Ann J. Abramowitz
294378,Alain Gaetan Njimolu Anyouzoa
295814,An Ontological Approach
295918,Amir Z. Averbuch
299008,An Operator based Approach
301105,Afshin Asadi
302305,Amir H. Ajami
304755,Atsushi Aoki
304903,Algirdas Avizienis
308860,A. Aaltonen
312253,A. Vania Apkarian
315617,Anna M. Aragay
316161,Arousian Arshak
318638,Ash Mohammad Abbas
319301,Ameya R. Agnihotri
322022,Ahmet Ruchan Akar
325259,Akram Awad
325289,Angel Abusleme
327455,Applications Los Alamos
327806,Anton V. Andreev
328261,Andrew Masami Abo
329746,A. A. Almhdie
334736,Akshat Aranya
336207,Ash Mohammad Abbas
337424,Anelia Angelova
354746,Aris Anagnostopoulos
361424,Anne Marie Asemissen
361735,Alexey Abramov
363732,Aleksey D. Abramov
366698,Anurag A. Agrawal
372314,Anastasia Analyti
375807,Anton Anastassov
378964,Antonio Pedro Aguiar
379713,Alf Swindles Ann
379956,Andi Asiz
381308,A. a. Ali
382660,Anatoly Antonov
385623,Ata Akcil
386864,Alina Alt
392850,Abeer A. Alwan
396240,A. Garcia Alonso
396434,Adaptation In Autonomic
397943,Adolfo Guzman arenas
399842,Andreas Abel
401005,A. K. Alkhalidi
402582,Alon Altman
403057,Anthony ATKINSON
403344,Akiko N. Aizawa
403497,Anthony Ashbrook
403522,A. C. Von Ancken
408391,Alejandro Caro Arvind
411501,A. Antolak
412865,Antonella Andreoni
414063,Andreas Adelmann
423438,An End to end Approach
423676,Ali A. Abkar
424021,Arild Angelsen
425256,A. Adrover
426334,AYS E A. S AH
426623,Assaji Aluwihare
429425,Annalisa Appice
433776,Antonio Acin
434275,Ayman Ammoura
435450,Angelo Marcello Anile
440626,Adnan H. Anbuky
444314,Ali Afrashteh
448472,A. V. Alto
450967,A System For The Authoring
453726,A. r. Kian Abolfazlian
455920,Achille Albanese
456179,Ajith P. Abraham
460217,Andre Agneray
463491,Antonius Aditya
466254,A. Ahola
467012,Ajith Amerasekera
468081,Andrea Adamoli
468916,A. Aretti
470053,Amber C. ABARE
471627,A. E. Andrews
473051,Akkihebbal L. Ananda
477091,A. Arnaud
477203,A. Abrishamifar
477488,Anne Ammala
477745,A. J. Alcock
484328,Amy J Andrew
486446,Alberto Abadie
490382,Alf Kare Adnanes
493553,A. M. Alashqur
496437,Ahmed Almonayyes
496482,A. Auslender
496744,Anders Ahlen
497067,A. Andrei
498075,Alper Atamturk
502445,A. b. Alves
503215,Alhussein A. Abouzeid
505643,A. Aspetsberger
507629,Andreas W Achter
507944,Augusto Gutierrez Aitken
508495,Andrew A. Adams
509647,A. M. Alquier
517904,Agustin Arruabarrena
520461,Anna Anzalone
523114,Ahsan Abdullah
525014,Alice L. Alldredge
525728,A. Atsalakis
532548,Angela Altomare
535648,Abassi Hadj Ahmed
538025,American Bankers Association
540341,Andrew K. Alton
542328,Alexander Astashkevich
542434,Abdulwahed M. Abbas
547766,Antonio Abreu
549964,As Allen
551345,Antonia Albani
553857,Ali Akoglu
554978,Akram J. Awad
557661,A. A. Ahaideb
562671,A. Arnold
562828,Alireza Ardalan
573373,Alexander V. Arkhipov
576308,A. j. Antos
580603,Agneta Andersson
583369,Andrew Armitage
583973,A. o. Adan
584587,Adam Arkin
586236,A. M. Andrew
590910,Aytac Azgin
591656,Adriana B Abril
591781,Annika C. Arnberg
591785,Afshin Asadi
592368,Audrey Azoulay
597856,Ashutosh Agrawal
603200,Ana Arregui
603355,Ahmed A. Abou Auf
604124,Akiko AIZAWA
607232,Alain Arneodo
608299,Arne Bor alv
609406,A. Emin Aktan
615753,Alaaeldin Aly
617891,Alberto Abadie
620928,Active Region Anastasiadis
621569,A. s. Adjemov
629004,Anthony Atkinson
629909,Abdelaziz L. Abdeldayem
630924,Andrew R. Allen
632215,Ali Alsam
633873,A. Antonio Arroyo
635826,Arthur Abnous
638835,Adenike M. Lam adesina
639257,A. A. Albert
639267,Ali Reza Ashrafi
643350,António P. Aguiar
647056,A. El Adawi
647513,Ali E. Abbas
653144,Alp Atici
653603,A. E. Abdou
653640,Abdallah El ali
657703,Adeola F. Adenikinju
665166,Akintunde I. Akinwande
665272,A. Avizienis
673189,Alejandro Allievi
675805,Allan Nembo. Afuah
676524,Alin Stef ˘ anescu
676993,A. Amsden
677434,Andreas P Antonopoulos
677739,Abduladhem Abdulkareem Ali
680577,Alexis Angelidis
681596,A. Abbado
682875,AN Alshawabkeh
683722,Amaury Aubel
684822,Adel M. Aladwani
687775,A. Andriichine
688259,A. Amanatiadis
688699,Akshay Aggarwal
689797,A. Almeida
691245,A. Azhari
692947,Abdulrahman Y. Al Aali
693710,A. Androutsos
695096,Ashutosh N. Aggarwal
698441,Alessandro Argentini
699092,Abeer A. Alwan
702967,Architecture For Agents
703856,A. B. ARONS
704010,Atila Abdulkadiroglu
704870,Analogs Anna Al
705891,A. Ashizawa
706783,A Cognitive Account
708688,Atsushi Atarashi
710834,A Comment On Armstrong
714240,Abdulbasit Andijani
715926,A. N. Andreyev
717736,Albert D. Alexandrov
717758,Alexander Andronov
722053,Ashton Applewhite
722097,A Potential Alternative
722592,Asghar Akbari
722991,Antonio Attalienti
727991,ATSUSHI ARITOMO
728581,Ashok Arumugam
729983,Alexandre Donizeti Alves
731602,ANN ABRAMOWITZ
731897,A. M. ASCE
733157,A. Abbo
736134,Amir Akbarzadeh
736472,Atila Alvandpour
740420,Arithmetic Activity
742122,Adnan M. Alattar
742775,A. G. Adami
744341,Adnan Aziz
745011,Amit Agrawal
748595,Americo Lopes Azevedo
752422,Antonio Arauzo
754764,Algorithms In Audio
755059,Alan Jackson Auerbach
756171,A. Haj Amor
756915,A. G. Akhperjanian
765338,Andrea A. Almasy
768873,Andrew G. Alleyne
772616,Anastasia Ailamaki
773223,Andrei V. Alexandrov
776601,A Atieh
776794,A. Traça de Almeida
779459,Antonella De Angeli
780131,A. Agresti
781978,Arup Acharya
782040,Ali T. Alouani
783930,A. L. Alexandrov
784631,A. Amin
786733,Aydin Aybar
787610,Approximation Algorithms
789401,Abdul R. Asif
789472,Amr Abdelmonem
792159,Alan J. Auerbach
795036,Amy V. Aragones
796845,A. Alvare
797072,Andre Gustavo Adami
798241,A. Abramovich
798581,ANTHONY M. ADINOLFI
800162,Ali N. Akansu
801787,Anat R. Admati
802768,A. Akcil
805029,Athe Ektara Architecture
810188,Alfredo C. Alder
810434,Alex Acero
810556,Aurora Alvarez
811251,A. M. Abouammoh
812733,A. Awajan
813878,Alkiviadis G. Akritas
815182,Alistair R. Anderson
816377,Alexander S. Andreev
820542,A. S. Am
820650,Abeer Alwan
821292,Alaa. K. Abdelmageed
823533,Arafat A. Awajan
824774,A. E. Allahverdyan
826647,Andres Albanese
826864,Antoine Ayache
828412,Alberto Avritzer
830487,Andrea Altomani
831588,Alia Atlas
832896,A. N. Applebee
834292,A Antinori
834344,Adil Alsaid
836834,A. R. Alimov
838730,Andreas Aasen
840942,A. Antola
841829,Alfons Avermiddig
842690,A. L. X. Abudukelimu
842999,Ami Arbel
843135,Andrew Almond
843977,Ajay Apte
845819,Alan B. Anderson
846575,A. P. J. Argyle
849634,Ahmed Sabbir Arif
851953,Ali Ait Ou Ammi
853259,Arthur C. Ammann
855633,A. Arcones
856434,A. V. Aho
859898,Andrew E. Allen
863392,Ahmed Ashir
864333,Alex Alexandridis
866357,Athos Antonelli
868095,Abolfazl Azari
870049,Abdolreza Advani
870912,An Aijun
873410,Adam Bradley Azer
873775,Amr El Abbadi
873960,A. Andreou
874895,Alvaro Arias
876913,A. Abbes
877096,Arya Adriansyah
887374,Amit Agrawal
888129,Amir Asif
889109,Ashish K. Ahuja
891756,Ashok K. Agrawala
893531,Alberto Alesina
893843,A. u zm. Ali
895198,Alvaro Ruiz andino
896191,A. Altman
897994,Alfredo Adolfo Reza Albarran
899221,Altaf Arain
900095,A. g. afonin
901720,Anders Aronsson
902551,A. Altmann
908890,Ash Mohammad Abbas
913514,Adisa Azapagic
915553,Athanassios N. Avramidis
917161,Air Force Aeronautical
918641,A. Azarov
918976,Austrian Academ
919339,Atila Abdulkadiroglu
920446,ANDREW G. ALLEYNE
922232,A. V. Akolzin
926052,Alexander A. Apolonski
933842,Andreas Ast
935294,Alexandre Aussem
937498,Armando Su Arez
946184,A Trace based Approac
951186,Active Spectating At
955864,Alex Acero
956042,Alejandro Adem
957443,Antonio Albano
960463,An Efficient Algorith
961665,A. A. Anjewierden
965513,A Positional Analysis
966060,A. Avila
967032,A. Ardito
967895,Alan L. Archibald
968440,Anne H. Anderson
969103,Ahmed Sabbir Arif
978507,A. Pena Alonso
979118,A. Antonetti
980507,Antonio Abreu
982639,A. Assi
985529,Andrew J. Atkin
987114,Anant Agaxwm
989974,Alessandro Armando
990736,Akram Alshawabkeh
992206,Alvaros Arenas
997775,Ammar H. Alhusaini
998359,Anand J Antony
999187,Andrea P. Assanelli
1000786,A. Abdelbaki
1000857,A. Arcavi
1001261,Antonio J. Acosta
1001782,Anish Arora
1001982,Andrea Asperti
1002249,A Aoyagi
1006893,A. Alzheimer
1009063,A. Caven atack
1008805,Artur M. Arsenio
1009133,Alexander Artikis
1011853,And Its Applicatio
1012002,Andre Adelsbach
1014545,Anona Armstrong
1016593,Anne L. Ackerman
1017248,Amelie M. Achim
1018605,Alberto Alesina
1024422,Ahmad Taher Azar
1027377,Adel M. Aladwani
1027877,Anthony Atkinson
1033472,Ahmed A. A. Adas
1035285,Alan Agresti
1037634,Asif Ahmed
1042981,Adoracion Antoli
1043304,Andres M. Perez Acosta
1044010,A. K. Arof
1044251,Av Aho
1051057,Ahmad Taher Azar
1052412,Anteneh Alemu Abbo
1052884,Amod Agashe
1054728,Axel Ackens
1058846,Alfred V. Aho
1059100,A. A. Akyamac
1062545,A. V. Averin
1064862,African Americans
1067871,Ahmed S. Attia
1069323,Angel Antonov
1069406,Ahti Suo Anttila
1070393,Amit Abhyankar
1074206,Ali E. Abdou
1077955,Alano Ancona
1082217,Antonio Azeredo
1082898,A. N. E Ans
1083555,Amir Azimi Alasti Ahrabi
1088707,Ann Apps
1089759,Andr¨¦ Arnes
1090295,Abdres Garcia alonso
1091730,An Algorith
1092477,Arthur G. Albin
1093540,Andrew Arnold
1095331,Abdelkrim Araar
1097330,Abhay Ashtekar
1099027,Athanasios C. Antoulas
1099227,A. Hamid Aghvami
1102236,Ahmed Abdeltawab Abdelgawad
1102760,Adi Akavia
1104234,Arlene S. Ash
1106319,Antoni Vidiella i Anguera
1108047,Analyses By Asms
1108325,A Aruffo
1111599,Abel Dionizio Azeredo
1113121,Assaf Anyamba
1115387,A. r. m. Alamoud
1116870,Amde M. Amde
1119570,Agustina Agustina
1120916,A. Abramovitz
1122813,Alexei E. Ashikhmin
1122938,Anthony T. Ashley
1123077,Astrit Ademaj
1123215,Anon uniform Cellular Automata
1123235,A. Sheikh Akbari
1123497,A. H. B. Almed
1126744,Anna Atramentov
1128316,Applied Analysis
1128615,Adriano Aguzzi
1129775,Analysis For Asynchronous
1132133,Aldayr Dantas De Araújo
1132272,A. Astin
1133178,Adel M. Abunawass
1136103,Abhijit Abose
1137950,A. N. Alshawabkeh
1140448,Angelo Arleo
1145994,Andrew Ang
1147104,Arturo Sanchez azofeifa
1150107,Analog Circuits Are
1150567,A. A. Avizienis
1152809,A. Antur
1163056,A. Alexanian
1163295,Asao Arai
1163842,An Automounter
1165511,Algorithm For Adaptive
1174339,A. Alkis
1174351,A. Apostolov
1177933,Ahmet Ruchan Akar
1179856,Ashiq Anjum
1189842,Ander Altuna
1192072,Andrei A. Agrachev
1193134,A. K. m. Azh Ar
1197421,A. f. Abas
1198366,A. Azizi
1200175,Antonis A. Argyros
1200442,An Axisymmetric
1200785,American Bar Association
1201537,Adri'an N'u~nez aldana
1202208,A. Alford
1202854,A. Aydin Alatan
1206516,Ahmed Sabbir Arif
1207144,Axel Arnold
1207408,Ambalavanar (Murali) Arulambalam
1207868,Ayen Tanyeri Abur
1209629,A. Alfonso
1211765,Abdul Aziz
1212311,Alexey Aleksandrov
1213795,Alexandra R. Aminoff
1214465,Aameek Singh Arb
1218840,Algirdas Avizienis
1219158,Allan J. Albrecht
1221248,A. t. Abawi
1226001,Angelo Arleo
1229337,Adiel Teixeira de Almeida
1238101,A. Alan
1239242,Adam P. Arkin
1240383,A. Azaron
1244618,A. Andorfer
1244861,An Applicatio
1246298,A. A. El Abbar
1249411,Ankit Agrawal
1252015,A. Amato
1252098,Antonios G. Alexiou
1253297,Andrew B. Allison
1253803,Alan A. Ager
1256134,Av. Das Foras Armadas
1260987,Abdelnaser Mohammad Adas
1263994,A. Aitken
1264346,A. S Alcianu
1265532,Am Alyassin
1271841,Alexander A. Andrianov
1275257,A. E. Ayers
1277571,Anushka Anand
1280365,Amit Kumar Aditya
1280908,A. Armogida
1281188,Abdulrahman Y. Al Aali
1282944,A. Farras Abdelnour
1286201,Abhishek K. Agarwal
1287687,Ad van der Avoird
1292426,Anna Aasa
1293999,Ann S. Almgren
1298475,Andrea Adamoli
1302903,Amr El Abbadiy
1303170,Aladdin Ayesh
1305451,Antonella De Angeli
1309142,Ahmed Abd el Shafy Abd Allah
1309861,Afroza Akhter
1310572,A. B. Alden
1311161,Abhay Ashtekar
1311361,A. Yu. Aladyshkin
1312853,A. V. Apanasenko
1319156,Artificial Developing Agent
1319904,Arturo A. Ayon
1321632,Andreas S. Andreou
1324973,A. Ananthaswamy
1325957,Asghar Akbari
1327887,Ali E. Abdallah
1327943,Akram N. Alshawabkeh
1329755,A. Agrawal
1333298,Ahmad Alsolaim
1335392,A J Arnold
1338399,Aderbal S. Aguiar
1339202,A. Annamalai
1340496,Asat Arslanov
1340644,A. A. Alzaid
1340909,A. Hohl abichedid
1343963,Anna N. Ahn
1344346,Alexei Akhounov
1345186,A. I. Attarwala
1350059,ATOCHA ALISEDA
1350398,A. R. Al ali
1352631,Any time Approac
1353432,Andre  Anders
1353593,Annika Andersson
1353938,Anastasios Anastasiadis
1354442,AbdelRahman M. Abdou
1357696,Arthur W. Allen
1362385,Aristomenis Antoniadis
1362707,A. Akerman
1364075,A. Afifi
1367112,A. Abrossimov
1367342,Axel Anderson
1367967,A. Campos Moraes Amato
1369536,All J. Atkinson
1370850,Ahmad M. Alshamali
1372148,A. ARLEOb
1374032,Angelo Arleo
1376102,Andrew Angy
1377342,Akram Alshawabkeh
1377987,Anestis Antoniadis
1379771,Anthony J. Accardi
1381328,Albert A. Angehrn
1381718,A. Abhishek
1381896,Atoms Yehuda Afek
1385582,A. Bach Aaen A
1392251,A. O. Abaye
1392530,A. K. Al Asmari
1396861,Abhay Ashtekar
1397088,Aharon Atzmon
1397410,A. Agresti
1398823,Anne johan Annema
1403967,A. Andrews
1405468,Ahmad Faris Mohd Adnan
1407014,Alexander Akhmetov
1409034,A. Akutsu
1415186,Andriy Andreyev
1417163,Anna Anzalone
1417329,Ashar Aziz
1419312,A. El Amaway
1419582,A. Akindinov
1420709,Andrei Alexandrescu
1426664,Adriano Aguzzi
1429085,Adriana Apetrei
1437074,Ahmad Ahmadian
1437290,Ana Paula Afonso
1441584,A. G. Aipperspach
1451224,Ashraf F. Ayoub
1452010,A. Akahori
1453525,Alfram Albuquerque
1454655,Asako Iida. Aspect
1457656,A. Ashford
1465254,A. m. Andrews
1465654,A. Albano
1465816,Ashok T. Amin
1468408,A. D. Abbaszadeh
1468493,Assignments Owen Astrachan
1469815,A. Audzionis
1473126,Alfredo Garcia Arribas
1477120,A. Gallardo antolín
1478328,Ash Mohammad Abbas
1480043,A. Arnararene
1480329,A Tiny Encryption Algorithm
1483632,Ayse Akbalik
1483852,A. Aarsten
1485941,Allison J. Armstrong
1489933,Ali E. Abbas
1490476,Alvaro Enrique Arenas
1493648,Anand Agarawala
1498887,Amir Attarha
1510900,A. M. Arias A
1516822,Anneleen Van Assche
1517091,Ansi Standard Fortran Ansi
1519112,Andrei R ˘ adulescu
1520307,Aneel K. Aggarwal
1520529,A. Astapkovich
1525260,A. Arbel
1525614,Anneliese K. Amschler Andrews
1526863,Anis Abousaada
1526913,Amir F. Atiya
1531070,A. Auerbach
1533583,Anne Auger
1534077,Amir Ali Ahmadi
1534826,A. Ben Artzi
1537355,A. Angelopoulos
1538756,Approximate Mmse Algorithm
1540173,Andre Arnes
1542663,Allcia Adsera
1542868,Alfonso San Miguel Aguirre
1544605,A. R. Applegarth
1544659,Aviation Administration
1548276,A. Aziz
1551550,A. a. Adan
1554680,Abdessalem Abbassi
1555951,Abhishek Agrawal
1557707,Alkim Akyurtlu
1564460,Angela P. Ansuj
1568707,Athol D. Abrahams
1569377,A. Alos
1572682,Agnes Arnould
1573304,Alain April
1577255,Anthony B. Atkinson
1579218,A. R. ASIF
1580463,A. Tellez arenas
1582512,Alan R. Aronson
1587911,Angelos Amanatiadis
1591049,A. N. AGADZHANOV
1592405,Alicia Abella
1592604,A. Aris
1595306,Antti Aarnio
1598952,Andr Arnold
1598953,Arthur V. Azevedo
1598975,Alfredo Reza Albarran
1599654,Alvin AuYoung
1603165,Amy Collaboration T. aso
1603592,A. Alejski
1604409,Anyes Ta Ard
1609869,Abraham Achterberg
1610622,Andrew Casson Artificial
1612141,Andres M. Perez Acosta
1621621,Annual Florida Ai
1624187,Algirdas Audzijonis
1627037,Antonio Azeredo
1628520,Alice F. Artzt
1630729,Antonio Carlos Almeida
1634930,Alejandro Alonso
1635167,Angelica De Antonio
1635635,Abdalla G. M. Ahmed
1636657,A. Andreone
1637061,A. R. F. ALMarshood
1638368,Athanasia Alonistioti
1640294,A Polluted Golden Age
1642364,Andr E Adelsbach
1645343,American Diabetes Association
1653196,Anna Anzalone
1662420,AHMAD K. AMAN
1663460,Adriano Bessa Albuquerque
1663477,A. Adam
1664938,Ad van der Avoird
1665284,Ari Adler
1667592,Ali H. Alsaffar
1675964,A. E. A. Almaini
1677370,A. V. Agafonov
1678752,Alexis Arnaud
1680672,Andrei Afendikov
1685578,A. Alam
1686696,Arnon Amir
1694525,A Arnold
1694834,AHMAD MOHAMED ABDULSATAR
1695687,Akira Asato
1697461,Angela Altomare
1698599,A. Adelsbach
1700652,Ali M. Akhmedov
1701628,Alan D. Attie
1707365,A. Majid Awan
1707656,Aydin Akan
1709638,Alberto Agostini
1710198,Alastair Adair
1713713,Ahmed Abdelali
1715481,A. Anzaloni
1716599,Amirali Salehi Abari
1718069,A. t. Adams
1718369,Abdelaziz ABID
1720434,Angela C. FERN   ANDEZ
1720947,Anil Aksay
1724117,Anastassia Ailamaki
1728407,Akhter Ahmed
1730913,Adolf Abdallah
1731870,Alan Fosl Atai
1735151,Alain K ¨ agi
1735288,Abdul aziz S. Alsehibani
1736378,Atul Adya
1737485,A. Agarwai
1738179,Ash Mohammad Abbas
1739000,April Toward An
1739837,Arne Ardeberg
1743820,Aflow Ana
1744494,A. Abramson
1745611,Antony Antony
1745636,Aaron H. Auslender
1746256,A. Ambrbzy
1746687,Asad A. Abidi
1746729,A. S. Andreyev
1747856,Anthony A. Apodaca
1748021,Alexander Ahern
1748088,An Overview Andreas
1749505,Andr. Altueher
1755539,Alex Aiken
1755666,Apostolos Antonacopoulos
1759494,Andrew G. Alleyne
1763867,Adrian Ammann
1766997,A. P. Ambler
1769012,ANNA LISA AMADORI
1772509,A Call To Action
1772921,Anna Arola
1776990,Al Khatib Ahmad
1777787,A. Ageyev
1780480,Angelo Arleo
1782448,A. Aguilar
1785908,Arturo Azcorral
1789933,Andrew K. Adams
1791807,Aziz El Kacimi Alaoui
1792052,Adham M. Abdou
1793449,ANDRE AURENGO
1794745,An Automatic
1802075,Angelo Arleo
1802561,Analyzed The Hits Algorithm
1803252,Arturo M. Amendola
1803817,A. D. Annis
1804715,Andr Assimacopoulos
1808143,Antharvedi Anne
1810982,Alfred Aue
1811326,Alice M. Agogino
1817515,A. c. g. Almeida
1817559,Ashraf Aboulnaga
1822965,Atilla Aydinli
1827610,Akiko N. Aizawa
1835968,Abduladhem Abdulkareem Ali
1838613,Akinbiyi Akinlabi
1839510,A. Al alaoui
1840728,Alesina Alberto
1842865,Amineh Amini
1843630,Alfredo Carlos Alder
1844065,Ahmad Abdulkader
1846725,Akio Ando
1853907,Alfred J. Antoniotti
1854148,Ashok Agrawala
1859236,Abdessatar Abderrahman
1860867,A. De Angeli
1861076,Andriy Andreyev
1861797,A Inlet Capture Area
1862687,Adib Abrishamifar
1863656,Ani Aprahamian
1863900,As. Abada
1877110,Ayman Abdalla
1877607,A. Acrivos
1884752,Alexandre Graell i Amat
1885073,A. K. Aiston
1885157,A. T. Arapoyianni
1886947,Andrea Agnolo
1886957,A. Asgari
1887285,Algirdas Audzijonis
1889988,Anuchit Anuchitanukul
1895969,Abeer A. Alwan
1899242,Asaf Adi
1900765,A. V. Arrmanov
1901720,Ana Laura Aldeco
1905629,Anton Anastassov
1906314,Antti Autere
1907071,Ali Ahmaniemi
1909795,Ash A. Alizadeh
1910699,A. Arnborg
1917507,Alessia Agostini
1919661,Alon Amit
1921796,Anthony P. Ambler
1923185,Antonio Affanni
1924173,A. Astol?
1924343,Alia I. Abdelmoty
1927579,A. A. ABRAMOV
1928021,A Arnstrom
1929384,Adib Abrishamifar
1931041,Amit K. Awasthi
1932197,A. Lynn Abbott
1932979,A Neural Network Approac
1933773,A. Anwander
1934689,AZLAN AHMAD
1942140,ANATOLI ASTVATSATOUROV
1943959,Alexander M. Akulshin
1946240,Aj Allen
1947258,Antonio Marcos Alberti
1950794,Anteneh Addis Anteneh
1951784,Anil Arya
1954194,Abdulaziz ALMOHIMEED
1956386,Arto Anttila
1959027,A. Axelrod
1964912,A. L. Arcus
1965211,Abdulrahman L. Alolah
1965551,A. Azzalini
1966510,Alon Amsel
1967840,Alberto Alesina
1968857,A. L. Ankudinov
1971774,A. S. Andreenko
1975929,Antti Airola
1975968,Alison Anderson
1977910,Alessandro Abate
1983523,Arnaldo de A. Ara
1994595,Angela Abell
1995048,Aloisio P. Araujo
1997314,Alexander Albrecht
1998709,Adiel Teixeira de Almeida
1998869,A. Appelbaum
2003542,A. A. Alkema
2005130,Amine Abdelmalek
2005503,Alexandre Allauzen
2007550,Alexander Aiken
2008231,A. Antoli
2011409,Anonymous Anonymout
2012852,Ashraf Aboshosha
2014415,Achod Aradian
2014870,Adrijean Andriahantenaina
2019427,A. Asenov
2019522,Antonio Abramo
2019540,Aybuke Aurum
2020461,Alesina Alberto
2021273,A. Ackerman
2021918,A. Abbey
2025505,And Automation
2027312,Agile Alliance
2028811,A W A Saman Abeysekara
2030121,Arne Alping
2031638,Anthony Anderson
2034362,Andrea Alimonda
2034472,Ann Abramowitz
2040607,Alan S. Abrahams
2044138,Alexander Arlt
2044217,A. Munoz de Morales Anciola
2044855,Autonomous Robotic Agents
2045239,Aizuw Akamatsu
2051648,Atip Asvanund
2053272,A. Atlasis
2054009,Applications Pankaj Agarwal
2056805,Anju Anand
2058025,A Parallel Genetic Algorith
2061886,Andriy Andreyev
2061970,A. A. Arkadan
2062345,Anastassia Ailamaki
2066166,Ahmet Aksen
2067957,Alex Astaras
2069496,A. Aude
2071407,Anna Alfano
2074028,A. S ANTOS
2074856,Associative Algebras
2075160,Aiyou Chen Aychen
2077303,Adriana B Abril
2083887,A. Ariante
2086222,A. Andre
2088951,A. Arn
2090125,A. Alcaim
2091532,A. Lor A
2091711,Andrew James Armstrong
2093329,Andres Almansa
2093374,Alain Aspect
2095355,Adnan Ashraf
2104037,Antonia Azzini
2106418,Adriana AGAPIE
2106448,Adam W. Anderson
2108145,A. T. Adams
2109030,Angela Abell
2111993,Ahmed M. Abdelatty Ali
2113034,Annalisa Ambroso
2114554,Amirali Salehi Abari
2114958,A Creative Approac
2120668,A. Afjeh
2126228,A. W. Ackley
2129228,Antonio Anzalone
2129326,Alice E. Asim
2131456,A. Avellan
2135020,Abdelbaset Ali
2135051,Aynur Akkus
2135769,Aksel Andreasen
2136677,Alexander Asteroth
2144371,A. Abellan
2145473,Augusto Arm
2147829,Ahmed Abd El Al
2149225,Aleksey I. Alekseev
2152396,A. Nordlund Theoretical Astr
2155168,A. Amanatiadis
2155847,Aya Akimoto
2163912,A Artola
2168346,Aloisio Pessoa De Araujo
2170624,A. v. Alejos
2170645,Ahmed Amer
2172281,Anthony Atkinson
2174549,A. Abreu
2176496,Andrea K. L. Alves
2176844,A. Ansar
2178666,Atidel B. Hadj Alouane
2180795,Agnar Aamodt
2181461,Ahmed Awad
2182014,A. B. Atkinson
2183614,Arock Anchors
2185399,Ali Fuat Alkaya
2187078,Arti Ahluwalia
2187220,An Overwiew Of Ada
2187396,Arnaldo Azevedo
2188904,A. N. Ahn
2196368,Augustine Ooi Arnaud
2196997,Alexej Abyzov
2200407,Alain Abergel
2201419,Andrei T. Alexandrescu
2202299,Artem Alimarine
2204068,Anita Amberg
2209417,A. Azzilini
2210827,Andrew Abel
2211006,Antonio Azeredo
2212182,Authors Names Affiliation
2213219,Anthony Angsana
2215896,Alan Allan
2216039,A. Gonz' Alez
2219131,A. S. Alimov
2221437,Antonio Azeredo
2226902,Anurag Acharya
2229070,A. Alexandrovitz
2231739,Alasdair Anthony
2233265,Asad A. Abidi
2234047,A. a. Armoundas
2236853,Annamaria Auddino
2238585,Armen S. Asratian
2240635,Andr E Arnold
2241425,An Empirical Approach
2242734,Aurore Annichini
2246345,A. L. Barab' Asi
2246559,Andre Avez
2246885,Ajit Appari
2249085,ANNE MARIE ADAMS
2249517,Aries Arditi
2251075,Andrew E. Allen
2253508,Anuradha M. Annaswamy
2254100,Alexey Alexeev
2257525,AL Alldredge
2259071,Arlene J. Astell
2261740,Aris Aggregate
2264327,An Extensible Architectur
2265781,Amir Ameli
2266556,Awais Athar
2268350,A. Aschwanden
2272806,Alberto Alemanno
2275986,Asma Amraoui
2277606,A. Annaswamy
