409,Olivier Bertrand
7730,O. Bajulaiye
17024,O. Bardon
19786,O. B. Badger
94595,Olin H. Bray
98849,Otto Blumenthal
103484,Osman Balci
107664,October Nam Batch
112601,Olcay Boz
117592,On The Basis
118428,Ottar N. Bjornstad
128099,Oscar Benjamin
137088,Osman Basbugoglu
150219,O. O. Badmus
151061,Olivier Bonami
153527,Osama Badawy
155955,Ole. Buchardt
166424,Oren Bergman
172557,Over Atm A. Basso
184533,OLGA BORIK
191353,Olaf Brox
195480,Otakar Bartos
204351,Oren Boiman
218508,Ottar Nordal Bjornstad
228212,Olga Regina Pereira Bellon
236097,Omid Banyasad
246786,O. Brugmann
257030,Oliver Broker
258893,Osei M. Bonsu
269648,Of Loony Dots and boxes
274059,Olivier Boissier
287199,Olaf Buttner
311526,Objects For Buyer
326547,Olivier Boucher
345657,O. Buiu
359441,O. Barana
363375,Omar Boussaid
376952,Oj Braddick
382688,Orlando Belo
399215,O. Boeffard
405305,Olivier Besson
415098,Ofer Barnea
417855,Olivier Baujard
420082,OLIVIER BERNARDIAND
428936,O. Borgan
444569,Olivier Baudron
446041,Olivier Bachelier
463672,Olivier Bock
467380,Oscar Bustos
467581,Osama Badawi
478768,On Guaranteed Bandwidth
483499,Olivier Buffet
505637,Of Distributions Binary
509562,Owen Holland Janet Bruten
550886,Osama Bulbul
561626,October Ber
563686,O. F. Brum
595211,Olga Regina Fradico de Oliveira Bittencourt
602303,Oddur Benediktsson
602655,Omer S. Benli
606803,Onno Boxma
614267,Omar Benjelloun
627204,Oliver Becker
635573,Oklahoma Bar
662376,Olivier Bernard
663028,Okko H. Bosgra
678533,O. Brewer
732127,O. M. Berezky
750279,O. Blazhiewskii
774179,O. Bur
785453,Olivier Barthelemy
791445,O. V. Babourovaand
793811,O. Buisson
827168,Oleg V. Belegradek
838301,Olav ten Bosch
849953,Olivier J. Blanchard
863879,Ok Hwan Byeon
874923,O. Belmont
889493,Oisin Boydell
903602,O. Bisi
903846,Olivier Blanc
915228,Ole Black
923042,Oded Berman
938497,Ozren Bego
966820,Olivier Boucher
971251,O. Brown
976454,Of Button type Beam
979397,Ozalp Babao
981171,O. Bicakci
986963,Orlando Belo
987770,Oscar P. Bruno
993873,Olivier Biberstein
1001950,O. Bukhres
1006985,O. J. Boxma
1058146,O P Buueman
1075236,Olav Bangso
1088021,O. Buckow
1122854,Olivier Bantiche
1157256,Oliver Brand
1171895,Oliver Bossdorf
1202631,O. Neswan dan W. Setya Budhi
1204324,Orsolya Barabas
1206230,Olivier Bornet
1212098,Olivier Barreteau
1225231,Olaf Bonorden
1228533,OLIVER BODENREIDER
1260494,O. R. Burt
1275989,Olivier Bodini
1279656,OTMAR BOSER
1285407,O Borenreider
1288248,O. Beringer
1292975,OSAMU BANNO
1295310,Olivier Bernardi
1312969,Oliver Sascha Brozek
1313808,O. J. Boxma
1328457,Odemir Martinez Bruno
1340229,O. Bendinelli
1349069,Oliver Buhn
1365532,Olivier Beaumount
1366819,Omar Batarfi
1371290,O. Baffa
1387030,Oyvind Breivik
1404057,Ondrej Bojar
1407882,Orhan Beker
1436398,O. Burchan Bayazit
1445989,Otto Carlos Muniz B
1449672,Oleg Barshay
1451571,Oliver Brock
1459113,Ofer Biran
1470737,Olof Barr
1536002,Olive Banks
1546798,O. P. BUNEMAN
1553043,Oomen Bruekers
1570873,Orsolya Barabas
1642116,Osman Balci
1644820,Oscar A. Barraza
1672116,On General Boundary
1693028,Orlando O. Belo
1717698,Otto Skrove Bagge
1723372,O Bashir
1724047,Orfeu Bertolami
1725047,O. Bolland
1731264,O. V. Bogdankevich
1743057,Ousmane Badiane
1783202,Olivier Bernardi
1784485,O. A. Becklund
1793390,O. Bernander
1802079,O P Brereton
1838742,Olga Bittencourt
1847976,Ozalp Babaoglu
1849750,Oscar Bolina
1856313,Oliver Sascha Brozek
1858576,O. V. Bojko
1869705,O. Boyraz
1880280,Ozalp Babaouglu
1884962,Oyvind Breivik
1885618,Olivier Jean Blanchard
1893297,O. Badiane
1898409,Ozalp BabaoOlu
1903675,Olaf Bachmann
1920552,Oliver Sascha Brozek
1926204,Olav Wedege Bertelsen
1933556,Orest Bazylevych
1957358,Objects Applications Bogdan
1971252,Onno Boxma
1977988,Otman A. Basir
1981541,Oliver Bastert
2010486,Oleg V. Borodin
2013058,Oliver Sascha Brozek
2030128,Olivier J. Blanchard
2032790,Oliver Baruth
2040328,Olli Br?ysy
2044029,Overview Martin Braschler
2056118,Oscar Humberto Bustos
2059472,Osama Mohamed Badawy
2067397,Otto Blumenthal
2067542,Ottar N. Bjornstad
2077375,Olivier Benevello
2105775,Olav Beckmann
2116181,Oleg Balownew
2142649,Olvar Bergland
2143210,O. F. Borisenko
2147111,Oliver Johannes Bott
2153234,Optimizing Eigenfaces By
2172196,Olivier Jean Blanchard
2223663,Ou Bai
2237970,Oliver J. Bott
2242604,O. A. Bachor
2248867,O. Bachar
2252903,Omg Bodtf
2265772,O. Yu. Beloplotova
2280260,OSCAR F. BUSTINZA
