2902,Andrew Fitzgibbon
8641,A. Fudoli
27590,Andrea Fusaro
28029,A. Frandsen
28166,Alberto E. Schaeffer Filho
33462,Andres Folleco
34576,Alexandre Fenys
37372,Akira Fujimoto
43368,Akiko Fukuda
50672,Alex Farkas
55445,An Uncertainty Framewor
55624,Anthony L. Faulds
57435,Allen M. Featherstone
65061,Agustin Fern¨?ndez
71113,Arctic Test Flight
76737,Ayose Falcon
77361,An Object oriented Framework
79004,A. Farazdel
84554,A. Fekete
87755,Andrew Faulkner
89417,A. L. Fay
93113,A. Fry
94542,Alan J. Faller
99007,Anja Feldmann
108017,A. Furukawa
112286,Andrew S. French
115540,Aiko Frank
123507,Alesia C. Ferguson
127461,Armin Falk
128237,ANDREW D. H. FARRELL
131001,Adrian Fish
131048,Alfonso Fuggetta
133651,Amir H. Farrahi
145259,A. Filelis
146709,A Security Framewor
147826,A. Feoli
151854,Anthony J. B. Fogg
152771,Advanced Simulation Framework
156715,Ali Feliachi
157609,A. S. Fiorillo
159646,Azarshid Farhat
160663,A. A. Fridman
162640,Adriana Haimovitz Friedman
169016,Andrew P. Feinberg
169791,Andreas Fischer
170086,A. Frangi
171010,A. Fellegara
175633,Autonomous Learning Functions
188023,Alan Fekete
191656,Andrew Farrell
193058,Arianna Dal Forno
208259,Alessandro Foi
213475,A Friede
216668,Alistair French
231464,Antony A. Faustini
233384,Antonina N. Fedorova
235740,A. h. Fazlollahi
242774,A. Felden
250175,Amir massoud Farahmand
252460,Adriana Haimovitz Friedman
258011,A Fishbach
259359,A. Ferraro
260859,Andrey V. Filatov
261500,Ana P. Ferreira
261951,Alfred P. Sloan Foundation
262852,Applications To Active Filter
268321,Andrea Fernandes
281208,Alan D. Frankel
292267,A. Shelby Frisch
297104,Arthur M. Fournier
303747,A. Flock
304624,A. Fingeret
309092,Alessandro Foi
309995,An Ecientand Flexible
313719,Andrea Fossati
314107,Agenor de Toledo Fleury
321125,Alan J. Fenn
321844,Alvaro A. a. Fernandesyy
322134,An Apparatus To Measure Forc
322274,Alberto Fazzi
324311,A. Furfaro
324322,A. A. Soltani Farani
339687,A. B. Filonov
347422,A. j. Fischman
354575,A. F'othi
357671,Alan Fern
363694,Alex J. Fowler
364944,Adam Farquhar
372538,Andre J. Fossard
377041,Available From
380969,Anthony Foderaro
381214,Ahmad Faizan
383740,Alejandro Frank
384612,A. Feintuch
390826,Adrian Furnham
390930,ABRAHAM FAHN
396315,A. W. Wu6 G. Friedland
402901,Adel Faridani
404470,A. Fokin
408451,Alex Foessel
414471,Alexandros P. Feresidis
421608,Ayman Fawaz
421655,Among Mobile Friends
424707,A. Schuller Gesellschaft Fur
429045,A. Fraval
432744,Albert Foggia
446106,Andreas Frey
452077,Adhemar Maria Do Valle Filho
454011,A. Feher
454030,Adam Fischbach
458065,Anthony Finkelstein
462244,Alan H. Fairlamb
474059,Angiola Forleo
475182,Andreas Futschik
488636,Andr' E Fuhrmann
490497,A. J. Fielding
491979,Alan Fine
493004,Alastair Fyfe
493757,Annjoe Wong Foy
495312,A. Freudenthal
497037,Alexandre P. Francisco
498916,A. Faustini
501948,Alan Frisch
502016,Alexandre Farcy
502443,Antonella Fontana
502911,Alisdair R. Fernie
513589,A. F. Fercher
516664,Alan A. Farley
518209,Andrea Frome
522446,Arlene M. Fiore
526749,Albert Flynn
526937,Alfredo Fontanini
533490,Andre Fortin
533713,A. Wolisz Gmd Fokus
539807,Antonio J. Fernández
540232,Antonio Dias de Figueiredo
545094,August Florian
545378,Andrew Ferstl
548074,Alessandro Ferrero
549115,Ahmed Fitouhi
551239,Andre P. C. Fourie
553366,Allan Feldman
555268,Andrew S. French
556298,Anthony N. Fabricatore
564062,A. d. Farinas
569014,Anne Fitzgerald
584774,A. Frohlich
585379,Alona Fyshe
587329,ANDREEA FANEA
587880,Aharon Friedman
587979,Amir H. Fatollahi
589244,Antonio Gonzalez. Fast
589875,Achim Flammenkamp
593941,Ansar Fayyazuddin
595445,A. X. Falco
596691,Anna Friesel
597125,Abdullah FERIKOGLU
602038,Alain Faivre
609667,AFTAB FAROOQI
609889,Andrew Farrow
612807,Approximations Using Weak Form
615464,Andreas Franke
617078,Andrew Fitzgibbonand
618658,Akira Fujlmoto
623960,A. s. Al fahoum
628921,Akos Frohner
631895,Adalberto Farias
634554,A. Fischer
641435,Amir massoud Farahmand
642186,Applications Pasi Frnti
647122,Arnaud Forestier
648719,A. T. Finley
649628,Andrew Farnsworth
657295,Albert I. Farbman
660648,Albert Fathi
663775,Alexander W. Fang
672332,Amir Francos
676136,A. a. Fotiadi
676739,Alexander Ferworn
677624,A. Firester
685411,Alesia Ferguson
696859,Alexander Fraser
698772,Ali Farhadi
700231,Ali Fatolahi
703762,Andrew D. Foland
705820,A. Bunse gerstner H. Fabender
714880,Arthur D. Fisk
716122,A. Ya. Faenov
719455,Alexander Feinman
723683,Architectural Scenes From
723919,Alan Fox
724225,Andreas Faatz
724542,Alex Fukunaga
725731,A. Filardo
733941,Andreas Festag
736103,Andrew J. Forsyth
739576,Adrienne L. Fairhall
740265,Allan Frederiksen
742031,A. J. Ferreira
747695,Anne Laure Fayard
750764,Arne Frick
761898,Albert Falcione
762951,Anne Laure Fayard
764712,An Object Framewor
768664,Andreas Fritsch
770806,Anthony Freeman
774079,Arthur D. Friedman
775818,Aki Fujimura
778327,A. Flatau
779707,Amy W. C. Fong
789329,Aaron Falk
798092,Anthony N. Fabricatore
799750,Adriano Fontana
800097,Alfonso Fuggetta
802116,Andreas Fleischmann
802161,Array Environment Frank
802310,A. Fairgrieve
806826,Andreas Faissner
810809,Ahmed S. Fahmy
818948,Anthony J. Fisher
819638,Andrew S. French
821532,Adil Faisal
821689,Atlas Daq Authors : D. Francis
826781,Andrea Frankel
841137,A. L. Fleury
849122,Amy Finkelstein
853442,A. Ford
854294,A. Fedeli
859210,A Status Report From
868751,A. j. Fleischman
870692,Andreas Fett
871932,A. f. Flores Filho
874036,Alexander L. Francis
874282,Arnaud Fontaine
878635,Alex Furman
879768,Andrea E. Feller
888452,ADRIANA FIORENTINI
893777,Aurel Faibis
895301,A. J. Furgeri
899132,Andreas H. Fink
899514,Atsushi Fukushima
900147,Annette S. Feigenbaum
900477,Andr¨|s Far¨aas
902985,Alicia Finch
912638,A. FARSHAD
913583,A. Fasso
918462,Andrew Fraser
918757,Andrzej Fengler
918764,Arianna Dal Forno
920489,A. D. Foster
928628,Arnon Friedmann
932061,Alfred Freilich
933974,Annamaria Fiore
934171,Abdelkrim Fatni
937186,Andrew P French
943886,Aizu wakamatsu Fukushima
948307,Amy Swartzlander Franz
960292,Annie P. Foong
961166,Ann Barry Flood
967048,A. Fialkow
967665,A. Fechtchenko
973569,A. Fort
974344,Alberto Finzi
984244,A. Weitzen feld
986423,Arild Fuldseth
988094,A. Fogel
991358,A. Fried
999836,August Mining Fuzzy
1003133,Adly T. Fam
1005413,Adam gibbs Formulatio
1006503,A. Filelis
1006622,Aris Floratos
1006884,Albert Fannjiang
1009071,Alexander Frieden
1017332,A. Dean Fontenot
1018750,Ai Hua Fan
1022414,A. Aldo Faisal
1021284,A. Fazel Famili
1024333,Antonella Fontana
1024413,Axel Friedrich
1025453,A. Foggi
1032804,Anthony C. J. Fox
1034591,Ammar El Falou
1036110,A. Filho
1038926,Andreas Fabri
1046340,Andrew Fenton
1046860,Allan L. Fisher
1047376,Agner Fog
1051712,Alessandro Flammini
1054916,Alicia Perez fuentetaja
1055032,Antonio Otavio Fernandes
1056194,Andrea Fascilla
1064212,Alex J. Fowler
1066922,A. L. Frisiani
1067061,Adel I. El fallah
1067990,A Fumiyukia
1068692,Andrew J. Fleming
1070969,Ariel Futoransky
1074253,Alexandre Ferreira
1082210,ANDREW U. FRANK
1083754,Amr F. Fahmy
1086139,Astrid Franz
1087823,Andrew S. Forsberg
1089659,A. Abbaspour Tehrani fard
1094083,A. A. Fraenkel
1096025,Andy Frenkiel
1097304,Alan D. Frankel
1103419,Alan N. Francis
1106445,Allen Featherstone
1109741,An Integrated Framework
1110123,A. V. Furano
1113557,A. Aldo Faisal
1115958,Andrew M. Fountain
1116008,A. Formica
1117251,A New Frontie
1121271,Andreas Frommer
1126394,A. Fichou
1127345,Arthur J. Fischer
1128759,Andy French
1129978,Atm Forum
1133243,Aurora Fraile
1133581,Alessandro Foia
1134784,A Femer
1139440,Andrea G. Forte
1144240,Alexander Forst
1144424,Andrew H. Findlow
1146443,A. Franklin
1147634,Alfredo Ferreira
1151615,A. V. Filatov
1155621,Arnaud Fontaine
1158772,A. B. Favetto
1160112,Arthur M. Farley
1161628,A. Fallou
1168329,A. X. Falcao
1172668,Andrew M. Folkard
1172842,Angela J. Fawcett
1178227,Andrew S. French
1178413,A. V. Filippenko
1178886,Anna Fiammengo
1183450,Anthony Finkelstein
1183900,Ae Friday
1189909,Alexander Flaig
1191285,Atsushi Fujii
1191618,A. j. Filipski
1197412,Alessandro Foi
1198620,Alexei Fedorov
1202402,Alessandro Farinelli
1205430,Augusto Ferrante
1206913,Alexander L. Fradkov
1208260,Aldo A Faisal
1216764,Antony Fraboulet
1225563,A. Fantini
1227911,Alexandre Freire
1230126,Alexander M. Formal'sky
1230858,Anna V. Fisher
1237440,Alexander Frolov
1238930,Abiola Fanimokun
1249317,Andreas K. Fidjeland
1250723,Abdellah El fallahi
1256051,Andy Frost
1257347,Aamir A. Farooqui
1261140,Ariel Fuxman
1272741,An Evolving Formalis
1282858,A. J. Fox
1283668,A. Fjbian
1283749,A. Fokken
1288850,Alex Alves Freitas
1289114,A. Fujiwara
1294479,Alejandro F. Frangi
1296474,Alan Milton Ferrenberg
1304767,Anthony N. Fabricatore
1308049,Ad J. Feelders
1309526,Alexandra Fedorova
1310691,A. Frick
1312894,A. Pfef ferbaum
1314923,A. Fahim
1320416,A. Fernandez
1326075,A. L. Flint
1327867,Anthony Finkelstein
1335296,A. Forrester
1335305,A. k. Fischer
1341835,A. I. Ferguson
1342581,Annamaria Fiore
1351560,A. D. Feinerman
1353639,Alan Forrest
1353917,Andrew Faulkner
1355301,Anne E. Freeny
1358528,A. Ferguson
1362840,Arthur M. Fournier
1374811,Anders Fagerjord
1379912,A. H. Falkner
1391163,A. D. Fitt
1394938,Alexander Fedotov
1398189,Andreas Floros
1401382,A. Furugori
1402762,Andrew W. Fitzgibbon
1404724,Amir H. Fariborz
1405921,A. C. Ferreira
1410374,Adam Farquhar
1412200,Andrey Feuerverger
1426625,A. M. Fauchet
1430684,Alan Flett
1435302,Alessandro Fabbri
1437580,Ann Copestake Fabre
1443640,A. J. Fernandez
1454517,Alexandre R. J. Fran?ois
1457416,Arthur E. Frazho
1459093,A. Fern¨¢ndez
1460294,Alinda Friedman
1463561,Andrew P. Feinberg
1479735,Anthony Freeman
1480016,A. M. Flynn
1482536,Aviezri S. Fraenkel
1489145,A. T. Fry
1506999,Albert Flynn
1510824,Andreas Fest
1518097,Alex Fauler
1518106,Andrew Fitzgibbon
1521396,Abbas Fardoun
1523356,Alison B. Flatau
1536168,Angela D. Friederici
1548702,Andrew P. French
1549354,Attila Ferencz
1551108,Alejo Freire
1552990,A. Fineberg
1554146,Arnoldo Frigessi
1558392,A. H. von Flotow
1558679,Anthony Finkelstein
1558853,Alexandre Frey
1560504,Andrei V. Frolov
1561369,Alex Fukunaga
1569323,Andre N. Fredette
1576012,Attila Fazekas
1578382,Adam Funk
1581604,Andreas Fieger
1582003,Andre Frank
1584223,A. Ferro
1584307,A Hierarchical Kalman Filter
1585043,Abraham Fahn
1594091,A. N. Frederickson
1598654,Akira Fukami
1602329,A. Aldo Faisal
1603668,Andrea Fornasari
1607107,A. Frieze
1610616,Ali Fatolahi
1612959,A. J. Feelders
1616149,A. Faucitano
1617015,Anthony Davison Swiss Federal
1622533,Agradient Vector Flow
1627130,Adam J. Ferrari
1631199,Andre Fisahn
1632165,A. J. Freiley
1632776,A. m. n. Fu
1636248,Anna Frolov
1637617,ANTONIO MARQUES DE FARIA
1642765,Amy Finkelstein
1648840,Aleksander Filip
1658027,A. R. Forsyth
1660185,A. Fischer
1662339,Amedeo Falanga
1662993,A. Frei
1666311,Ari Freund
1669639,Andr E Fischer
1671094,Antonella Fontana
1676674,Andreas Frey
1677147,Adlai J. Fisher
1680885,A. Floer
1685320,Anthony P. Fejes
1689626,A. i. Fuente
1697752,Andrew C. Fabian
1697849,Adrian K. Fung
1707452,A. Fu
1707915,Alexander Felfernig
1719345,Adriana Haimovitz Friedman
1719562,Alex Feeger
1725625,A Multiple aircraft Family
1726249,A. Fevrier
1737187,Albert I. Farbman
1740028,Alan Finlay
1743401,Andrew Finch
1755416,A. S. Farrag
1756547,Andreas Frick
1756948,Abas Ahmad Fauzi
1760108,A. Fleig
1763224,Artem G. Feofilov
1763406,Aldo Frezzotti
1763802,Alan S. Ferrency
1765672,A. Le Floch
1765954,Alireza Farzan
1775794,A. FONTIJN
1777502,Alexander Fischer
1777633,A. Fritz
1778676,Athanasios S. Fokas
1779440,A. Fring
1781498,Albert Figueras
1785824,Adriana Haimovitz Friedman
1787247,Andr¨?s Farag¨?
1790540,Alon Flaisher
1796997,Adamczyk Denis Fernandes
1798480,Andrea Falini
1799324,Aurelia Friedland
1809040,A. Filippopoulos
1814616,A. B. Filonov
1817882,Andrei M. Finkelstein
1818583,Ana Paula Ferreira
1818691,Antonio Forenza
1830878,A. Fainstein
1831648,A. d. Frost
1832211,Andrew H. Fenton
1832831,A Failinger
1839805,Afsaneh Fazly
1844832,Arthur Flexer
1845188,Ali Faraz
1847124,A. Fournier
1852703,Andrea Fontana
1853282,Alan H. Fairlamb
1861377,Axel Findling
1861764,Andrej Ferko
1867550,Abraham D. Flaxman
1874519,Ayres Fan
1874638,Adriano Fontana
1875156,A. De Forni
1877030,A. Farhi
1877448,A. Fusiello
1881567,Agnes Front
1882217,Ahmed Mohamod Farah
1886471,A. Fitch
1887023,Andrew W. Fitzgibbon
1888650,Andrey A. Fedyanin
1894886,Alexandre François
1900398,Alan R. Feuer
1901248,A. Fomichev
1902592,Ann Fisher
1909119,Alpha Scaling Factor
1910209,Anthony Finn
1911884,Andrew W. Fitzgibbon
1915703,Alexei V. Filippenko
1918677,A. E. Faey
1920340,A Arthur Fisher
1923180,Amalia F. Foka
1934198,Antonin Ferri
1935099,Aaron L. Fogelson
1939435,Antonio Fernandez
1958065,A. Farrell
1958121,A. Fernandez Fernandez
1958222,Antonio Fasano
1964573,Andrew Fetterer
1968422,Anders Friberg
1974671,Andrew H. Fagg
1976129,Angel L. Orille Fernandez
1977629,Andrew W. Fitzgibbon
1979165,Ana L. N. Fred
1980322,A. Fridman
1982584,A. FAYE
1985366,And Frits
1987421,Av Failla
1989067,Ad Farrell
1989080,Alessandro Ferretti
1990077,A. Matt Francis
1998193,A. P. Filisan
2000630,Ala I. Al fuqaha
2004012,A. E. Farstrup
2006844,Asgeir Finnseth
2019149,Aaron Fenster
2020302,Andrew T. Fenley
2023502,Ayten Filiz
2024017,A. Fusco
2026097,Andriy Fedorov
2029002,Ayman A. Fayed
2032064,A. Foster
2037561,Alfred W. Fuxjaeger
2038902,AMBROGIO FASSINA
2041270,A. J. Field
2042239,Anthony Fetherston
2043500,Alexandre Faure
2047067,Anne E. Farmer
2055808,A. Fisher
2061410,A. R. Formiconi
2068325,Anders Furuskär
2080431,Alison Fowler
2086225,A. Fukasawa
2088464,A Comprehensive Foundation
2088602,A. Feldstein
2093403,Anas Fattouh
2099908,Abdurrahman Arkacolu Fato
2103976,Alexander Feinstein
2113398,Alessandro Flammini
2121541,Andreas Freier
2123045,A. Freimain
2123154,A. Fitzgibbon
2130495,Ana Maria Funes
2137100,A FITZGIBBON
2152922,Albert Forcucci
2159190,Ali Farhadi
2159938,Amr Sabry Stephen Fickas
2161137,A. Fernandes
2161199,Antonio Di Ferdinando
2164026,A. E. Ferninand
2168539,Alexandra Forsythe
2168864,Alaska Groundfish Fisheries
2169789,ANNY FLORY
2172643,Antonio Fiordaliso
2176034,A. Fortuna
2177734,A. Fert
2178947,Alexander Von Humboldt Fellow
2180655,ANDREW M. FOLKARD
2182897,Andrew Ulrich Frank
2189883,Amy S. Fleischer
2195336,Ahmad M. Farhoud
2195931,A. C. Falkoff
2197838,Achilleas S. Frangakis
2205691,ABDULLAH S. AL FUHAID
2206240,Ali M. Fard
2214763,Ana Blagovestova Sendova Franks
2215113,A Combinatorial Trace Formula
2216904,Alvaro A. A. Fern
2223221,Angela Di Febbraro
2223422,Atsushi Fujioka
2224011,Anomalous Anosov Flows
2225793,A. Fogle
2232337,Armin Falk
2236504,Aaron Feigelson
2243431,Agent based Systems Francisco
2255563,Anthony Francis
2257319,Andrew Mcleod Fraser
2258068,A. Ryszard Ferchmin
2264150,A. Fachado
2269861,Alfredo Fontanini
2275655,At Neutrino Factory
2278193,A Load Balancing Framework
2282411,Antonio Dias Figueiredo
2283283,A. Farokhrooz
2289163,Andrea Fusiello
2289667,Anthony P. Foord
2290943,Alain Fonkoua
2291789,A. Fujisaki
2292201,A. Bamberger Freiburg
2292556,Adam Finkelstein
