971,Eric Hammer
8032,E. K. Horv
8718,Eric Holzman
12315,E. M. Heaven
16228,E Hoschka
17144,E. Jeff Holder
23360,Elton P. Hsu
30311,E. 2. Hamada
33115,Edith Hemaspaandra
33847,E. Honig
33906,E. Hafele
35083,E. Hise
39389,Eric Van Hensbergen
46083,E. Howard
50616,Edd Hunter
57360,Ed Hartnett
58450,Eric Huber
65056,Elvira Haas
72260,E. K. Haviland
82100,E. Han
86744,E. F. Hartman
88302,Ellen K. Hughes
91097,E. O. Harriss
92693,Eui Hong Sam Han
99954,E. M. Hetherington
109435,Evan P. Harris
112212,Elizabeth R. Hsu
118418,E. K. Al Hussaini
119532,Erik Harborg
120961,Eduardo Guerra Hernandez
132903,Erik Hilsdale
139579,Ernst Hirz
149500,Espen Gaarder Haug
187848,Eric Horvitz
189666,Edward Hubbard
195497,Egeberg Holmgren
200772,E. Hummel
207963,E. M. Hoskins
218117,ELBERT HENDRICKS
234528,E. Husain
234771,Etsu Hashimoto
235972,Eric A. Hanushek
240507,Esa Hyytia
248879,Ej Halpern
252545,Eline C. M. Van der Heijden
254587,Evelyn L. Hart
255828,Eerke Holle
259188,E. Huffman
273668,E. Healy
277702,Eavesdropping Attacks Haidong
279525,E. s. Hung
279671,Erich S. Hinlein
297944,Esin Darici Haritaoglu
328089,E. Hamori
329564,Eva Halkiadakis
331638,Eric Haines
336595,Edited Geoffrey Hinton
345123,Elhanan Helpman
352900,Erik H. A. Habers
365774,Eugenia Y. Huang
369889,Elisabeth R. Hayes
376909,Erik Hasselberg
384524,Ed Hopkins
386597,Eduard Harabetian
388297,Ernst Habiger
399304,Ez M. Carro M. Hermenegildo
407169,Evan M. Hawrysh
410461,E. R. Hansen
421400,Eduard H. Hovy
425010,Eugene Van Heijst
439214,Efstathios Hadjidemetriou
439334,Elias N. Houstis
445018,E. Harding
446168,Extending Hall
448117,Ehud Hrushovski
451675,E. Hansen
453339,ETURO HAYAHARA
454055,E. M. E. Haddad
457082,Ellen C. Hildreth
463013,Eduardo Hernandez
469378,Elad Hazan
471446,Eric C. Heyde
474911,ESZTER K. HORV
476678,Eugene E. Haller
476689,Elhanan Helpman
479224,E. f. Hequet
485463,Eduard Hiti
489793,Eric von. Hippel
491188,E J. Hontalas
495789,Erik Hagersten
505991,Erne Houghton
509128,Eric Horvitz
517705,EYSTEIN S. HUSEBYE
523347,Einar Heiberg
528679,Elton P. Hsu
542149,E. J. Harder
544653,E. Heine
545456,Edward Hieatt
562177,Edward Hovy
566879,Ehud Heyman
574550,E. J. Hintsa
578488,Elizabeth Housworth
591547,Elizabeth Hodgson
592373,Eric H. II herrin
593480,Emily K. HeyerdahlC
596605,E. Haggstrom
597084,E. Howells
602429,Evert Helms
606511,Erez Halahmi
607437,Ernest J. Henley
609355,Eckhardt Holz
615938,E. M. Huang
616987,European Level Huber
617322,Earl C. Van Horn
625388,Erik Straser Hoon
641009,Eric A. Hansen
644461,Eugene B. Hogenauer
644549,Evan Heit
648735,Eran W. Hood
649753,Erich S. Hinlein
649937,E. Hall
651282,Ellen Hays
651858,E. H. M. Heinje
661002,Edwin Hancock
663740,E. Hetrick
680694,Elizabeth A. Hoge
680977,E. G. Holeman
684045,Evelyne Heyer
689210,Eric Hansen
693124,Elmer H. Hara
694348,Esteban Rossi Hansberg
697282,E. Hagenlocker
702979,Eyal Hulata
707860,Eric M. Huff
725346,Elliot Hirshman
725389,Erik H. M. Heijne
737460,Elise Miller Hooks
749795,Edmond Holohan
749956,Elaine Hsieh
761026,Eliot Hazeltine
765317,Emmanuel Hebrard
769171,Erik De Haas
771838,Eric M. Hoffert
775218,Ehana Helpman
780577,Elder Moreira Hemerly
785611,Esam M. A. Hussein
790660,Enrique Henestroza
799373,Enoch Huang
801914,Ernst Heinz
817077,Eveline K. Hoebe
824283,Evatt R. Hawkes
825778,Edward Ha
834018,Eberhard P. Hofer
834313,Esa Hyytiay
834953,Efthymios Housos
841237,Edmund Husserl
844950,Emmanuel Hanssens
846393,Edward P. Hoffer
855490,Ernst Moritz Hahn
860157,Elizabeth T. Huang
860634,E. van Heumen
860918,Edward Hursey
879386,Elton P. Hsu
905374,Eric C. R. Hehner
905503,Eyke Hullermeier
909003,E. j. Heller
909735,E. S. Herald
911781,Eric J. Hartman
911898,Edwin Hutchins
915565,E. Husserl
930848,E. Philip Howrey
934528,E. C. Hunke
937337,E. M. Hornsveld
937383,Elke Hinrichs
944934,Erich S. Hinlein
949981,Eugene S. Hudders
953701,E. J. Haftek
953975,Elvis Hernandez
962541,Edwin R. Hancock
966026,E. Hauer
969180,E. Hopf
983143,Edwina Hughes
983865,Ed Hartley
992309,Emmanuel Haucourt
997835,Eric A. Hanushek
999674,E. K. Hollmann
1002160,E. F. Hockings
1002497,ED Houde
1007139,Ed Hudson
1007909,E. N. Hawkins
1015792,E. Hall
1019168,Erhard Heil
1028201,Erik G. Hallnor
1036787,Edward Harms
1040015,E. Hoffman
1044339,E. R. Hancock
1047037,Elise D. Miller Hooks
1048182,Elizabeth Ann Housworth
1057568,Eric K. Hall
1059202,Einar Hansson
1063259,Enrique Hernandez
1082050,E. A. Hawker
1082120,E. b. Hreinsson
1088884,Emmanuel Hene
1089666,E. H. Heyerdahl
1091394,Edward A. Haering
1099863,Eyal Hurvitz
1107551,Esteban Rossi Hansberg
1111381,Eric Hassold
1124369,E. S. Huse
1138050,Eger Hungary
1138858,E. Hecke
1144207,Edgar Hugues
1146227,Eckhart V. Hahn
1162227,E. L. Hutehins
1166220,Evelyn L. Hu
1166923,Eva Hajlcova
1169009,E K. Hwang
1169272,E. Hugonnet
1188032,E. R. Heinz
1199178,Evangelos Haleplidis
1207082,E. Haapaniemi
1214001,E. A. Holwitt
1214541,Eric Shih tse Hu
1217911,E. s. Hamdi
1218438,Evan Heit
1219331,Erik De Haas
1219364,E. Hakamae
1230310,E. Hobart
1237368,Elizabeth Hobson
1250028,Eran Halperin
1250881,E. Keith Hege
1252934,Elhanan Helpman
1256821,Eric Lee Helvey
1279928,Ernest L. Hall
1284715,E. Hamilton
1286085,Eva Barbara Holzer
1288537,E. Huizer
1298560,E. Hsu
1300942,Engineering Helsinki
1303480,Eric Hayman
1305565,Eric Harris
1307537,Edson C. Hendricks
1307960,Erika Horn
1314158,E. Humby
1341388,Ej Hall
1343614,E. Y. Hsue
1348043,Eleni Hadjiconstantinou
1349089,Esteban Rossi Hansberg
1349619,Erich Holtmann
1357483,Elizabeth Hazel
1360130,Emmanuel Humbert
1369018,Ernie W. Hill
1376136,Els Van Herreweghen
1385168,Emmi Meyer Hofmeister
1387888,E. W. Henderson
1392127,Erik Herzog
1403017,Emily K. Heyerdahl
1405230,Edward H. Herskovits
1411155,E. Hannan
1414235,E. H. Hyder
1416371,Elaine A. Hsieh
1417467,E. Hollis
1418863,E. Hartquist
1428808,Eric B. Hochberg
1435907,Elenor Hodges
1436468,Elizabeth G. Hetzler
1439180,Everett W. Heinonen
1448463,Eveline K. Hoebe
1459520,Erik Hamoen
1462020,Emina H. Huang
1467856,Eric Hanushek
1470705,Edward M. Huff
1470803,Essam Heggy
1483711,Ekram Hossain
1505432,Em Hull
1517347,E. J. Haywiser
1517743,Eng Fong Huang
1520949,Emina H. Huang
1528484,Erich S. Huang
1533545,E. D. Hinkley
1545529,Ewald Heer
1563817,E. L. Hahne
1577778,Eizyu Hirowatari
1585543,E. Heijne
1589327,E. Heighway
1591630,Esa Hyyti
1593291,Erika Hausenblas
1593462,Eric Henin
1600674,E. k. l. Hung
1602378,Eva Heinrich
1612106,Emily K. HeyerdahlA
1615174,E. Hardy
1620448,Eric J. Holweg
1621979,E. Heichler
1625508,Eric R. Harley
1625554,E. Hovig
1629920,E. Helmstetter
1631860,Elizabeth Hirschhorn
1634156,Erich S. Hinlein
1635334,Eui Kyeong Hong
1635998,Elaine M. Hauschel
1638922,Eugene S. Hertel
1640902,Ewald Hotop
1641129,Eric van Hengstum
1646430,E. R. Haddow
1652729,E. d. Hogrefe
1657175,Edward D. Houde
1665279,Ehyi Hwang
1671868,Engelbert Hetzmannseder
1672331,e RAIMUNDO P. B. HENRIQUES
1675398,Edwin B. Holder
1678681,Ernie W. Hill
1680113,E. B. Horton
1681404,Elizabeth Hume
1682609,Ervin R. Hafter
1689214,E. J. Holubec
1695277,Edwin R. Hancock
1702300,Erwin Hess
1706690,Elliott Hughes
1707277,Ernst Hanisch
1708033,E. Nord hagen
1721378,Elizabeth Head
1723478,E. Heidrich
1740432,E. Harris
1744438,Ernesto Homar
1748674,Enoch Hwang
1758480,Ehtesham Haque
1760682,Erik Hurst
1762605,Edward Hoenkamp
1765566,E. r. Hauri
1766829,E. j. Hopkins
1778775,Esa Hyytia
1782498,Englartd Hampshire
1782961,E. Hooper
1786664,E. Hangel
1796395,Edward Herranz
1799438,E. R. Henry
1807029,Erik Hostens
1811252,E. G. Hokanson
1813449,Eric C. Holland
1816836,Erhard W. Hinrichs
1827489,E. Hoyer
1830287,Enamul Haq
1834570,Ervin R. Haftser
1836836,E. F. Hitt
1839217,E. E. Hemerly
1843428,E. Habermeyer
1843533,Eleanor Hepworth
1845431,ESAM MAHMOUD ABU HUSSEIN
1850708,Erik S. Hons
1856616,Eivind Hoffmann
1861502,E. Huang
1862114,Edwin Hernandez
1862289,Eiji Hirose
1890889,E. Hotzel
1902352,Erin Hicks
1906203,E. Hashem
1913761,E. Holbaek Hanssen
1916943,ERIC S. HARMON
1917274,Edward A. Herbert
1921177,Eric K. Y. Ho
1925300,E. Hohmeyer
1925595,Elsayed E. Hemayed
1931330,Eric Horvitz
1951416,Erik van Heumen
1965921,Ernst Henze
1966050,E. s. Hughes
1972643,El. M. Hyams
1984221,Elizabeth A. Hinkelman
1999595,Eduard H. Hovy
2000796,Esa Hyytia
2008127,Enamul Huq
2015792,E. Hipp
2023359,Experiments W. Hanke
2023739,E. P. Heaney
2031566,Edward J. Hoffman
2037399,E. Hudis
2039325,Erik Hjelmas
2039405,Eckart Hundt
2042254,E. Hudlicka
2051547,East Fishkill Animal Hospital
2062921,Ed P. Huijbregts
2064799,E. Hartungen
2065917,Eriko Hironaka
2067870,Enrique Henestroza
2072331,Eric C. Hehner
2074522,Emmanouil Hourdakis
2078868,E. Haase
2092178,Edward P. Hammond
2093284,Evan Heit
2093632,Erik Herz
2099171,Edmundo Bonilla Huerta
2102496,E. T. Harkless
2102993,Erez Hadad
2112181,E. H. Harris
2113639,Eduard Hovy
2118314,Eva Halkiadakis
2118904,Eric B. Hinkle
2121897,Erich T. Hester
2129290,Eric Lee Helvey
2131087,Eric Hanushek
2132173,E. A. Holland
2136447,Eszter K. Horv√°th
2137141,Elizabeth Haubert
2144562,Eberhard Herrmann
2150150,E Horowmtz
2164658,Erik L. Hedberg
2164685,Edwin A. Heredia
2166911,E. R. Bertil Hansson
2183217,E. Holmes
2187148,Elise D. Miller Hooks
2187761,E. Hazani
2193741,E. Jane Albert Hubbard
2211013,E. W. HOYT
2229602,Elke Hermans
2238398,Eui nam Huh
2247453,E. L. Hjort
2254386,Eric G. Hoffman
2261457,Edwin Hautus
2274713,Eric Helsper
2278823,E. R. Hacock
