18642,Fiona Hayes
18838,Feng Hao
29321,Francisco J. Huera Huarte
32697,Frank C. Hoppensteadt
32847,Filip Hendrickx
45200,Feng Yi Hsu
59743,F. Habbal
81127,F. M. Hahn
92156,Friedrich O. Huck
96303,Fumio Hiai
98917,Frank Van Harlemen
110421,F. S. Henkemans
119117,Francisco Rodriguez henriquez
119342,Felicia P. Heiler
124064,Franklin Dennis Hilf
128067,Fried Hoeben
136132,F. Hannig
136976,Frank Hasenbrink
139905,Frank Allan Hansen
143020,Fumio Hirata
143777,F. Hohnsdorf
153618,F. Hanaoka
156886,Fredric M. Ham
166899,Ferran Hurtado
168273,F. L. Howland
170061,Francesca Happe
176041,Firas Hamze
176081,F. Van Hermelen
182424,Fu ju Hou
183813,Farshid Hajir
185406,F. Hu
189771,Framework Thomas Hadig
198958,Frank Hoehn
213087,F. Hieronyani
216258,Frank Hill
221253,F. S. Hamdad
233695,F. J. Huera HuarteP
234769,Friedrich Hertweck
237646,F. Hecht
238639,Frank van Harmelen
259783,F. O. Heinz
259815,F. Holding
268002,Franz Hanke
287626,Florentina Hristea
288904,Frank Oliver Hoffmann
291180,Frank Hill
291491,F. Houeto
296377,Fran Hagstrom
308247,F. Owen Hoffman
315246,F. k. Hebeker
320078,F. Henry
320451,Fred Y. Hadaegh
357291,F. Hussain
360162,F. z. Hawr
361918,Fu Te Hsu
370410,Feng Tian Han
370494,Frank R. de Hoog
376370,F. Huband
383260,F. C. Hellweg
387446,F. Diaz hermida
399479,Franz Hennies
414753,Frank Habermann
422506,Felix J. Herrmann
430148,F. Haddad
430684,F. Tavakkol Hamedani
430902,Francesca Happé
451108,F. J. Huera Huarte
458852,F. Hartmann
460535,F. h. Heidler
462316,F. Hufnagel
475110,Farhad Hemmati
489398,F. L. Hoadley
491376,Francisco Sandoval Hernandez
491824,F. Houze
497849,F. J. Huera Huarte
523661,Fiona P. Henderson
535504,F. Zen hausern
539865,Frans A. Henskens
555146,Frederick S. Hillier
565114,Fred Halsall
578402,Floyd M. Henderson
590304,Frank W. Hornung
613325,Frank Hanisch
614354,Frank E. Harrell
630495,F. Hinode
633200,Fred J. A. M. Van Houten
636330,F. Hess
636834,Fred C. Homeyer
650396,Fabien Heliot
651875,F. H¨oppner
655550,Frederick G. Harold
660070,Florence Horn
678194,Fangxin Hong
682165,Fred Harris
682848,Fabrice Harrouet
690248,Frank Hadlock
719570,F. Han
720478,Frances R. Homans
721166,Farrokh Hodjatkashani
735378,Fons van Hees
746627,Frank Hansen
771879,Frank R. de Hoog
777117,Frank Houdek
783433,F. J. Hilton
789711,F. Hirose
789971,FRANK A. VAN HARMELEN
790773,F. H¨ones
793953,F. C. Harris
797583,F. Bradley Hillgartner
815857,Frank H?nsel
824568,F. David Hendry
827135,Fred Hanssmann
836209,F. Hinchliffe
842975,Falk Huffner
855797,F. Higuera
860512,F. Hermann
865721,F. Haake
876566,Frank Harary
884543,Fei Hao
899028,Franklin G. Horowitz
900983,F. J. Hill
903727,Fokke W. Hoeksema
904062,F. Haferd
909663,Frederick A. Hoover
918397,F. B. Hilderbrand
923833,F. Jacob Huff
931026,Fred H. Harris
932980,Felix Heine
954866,F. Honda
958432,Fumio Hayashi
961382,For Consumer Health
961855,F. a. Honore
969992,Fredrick Hirsch
972771,F. Hudson
974012,Fred Hoyle
978946,F. A. Henskens
986527,Frank Hassebrock
986913,FREDERICK HOFFMAN
1007700,Florea Ioan Hantila
1009174,F. Hediger
1013487,F. Huber
1017414,Frank Hahn
1026492,Franses Philip Hans
1035782,F. M. Haney
1038298,Frank Hoppe
1043810,F. R. Huson
1054188,Fred Hoyle
1057511,F. Habib
1060648,Frank G. Halasz
1067812,Frederick Hiller
1083546,F. Maxwell Harper
1087827,Frederick William Poe Heckel
1097120,Feng Zheng he
1099494,F. J. Hartmann
1106185,Florian Hammer
1107628,FRANK H. HEPPNER
1113549,F. J. Hormozi
1117770,Fokke Hoeksema
1123757,Frank Hermann
1130710,F. Honself
1141907,F. H. Holtzberg
1152158,Frank Hofmann
1162125,F. a. Hegmann
1166561,F. Hartleb
1171056,Florent Hube
1172127,Ferdinand Hergert
1174265,Frank Huebner
1179917,Farooq Hameed
1183308,F. Halzen
1194284,Fritjof Helmchen
1199708,Ferdinand Herrmann
1213778,F. Holland
1215734,From Jet Rates Th. Hadig
1216665,F. G. Hudda
1217630,Frank van Harmelen
1219999,F. K. Hopgood
1223300,For Multihop Ad hoc
1234393,F. Hady
1236272,F. R. Huang hellinger
1238548,Frank Harmsen
1249946,Frances Harre
1263226,Fan Hing Hew
1264649,F. R. Hall
1270744,F. Heslot
1275839,Fergus James Henderson
1276878,For Persuasive Discourse Hoh
1284720,Fred Herr
1293155,Fritz Herbert Heinsius
1300981,F. Havet
1302724,Fangzhen Lin Jia huai
1313936,Frank Haydock
1313968,Fung Jen Hwang
1314854,Fred Homewood
1322525,F. Herrman
1349775,Feng Sheng Hu
1367905,F. Hewitt
1381550,F. Heijnen
1382559,F. L. Hong
1384708,FRITZ HERZ
1386516,Fran Hanchek
1392433,Frank R. de Hoog
1394937,F. x. Hart
1397896,Fred. Heath
1403933,F. Hess
1405225,Felix Hernandez
1407363,Freddie C. Hamdy
1413148,Frank R. de Hoog
1428167,F. Hom
1430794,F. A. Patterson Hine
1432398,Fu te Hsu
1434616,F. Hache
1435607,F. Hover
1445564,F. Hopf
1465913,Frank Hopfgartner
1467528,Frank Halloran
1471836,Found That The Internet Has
1476957,Francisco J. Herranz
1481466,Feili Hou
1494806,Frank van der Ham
1502888,Faisal Haque
1504395,Fr'ed'eric H'elein
1514705,F. Harmsze
1523917,Fei He
1528548,Feng He
1530275,Fern B. Halper
1558056,Fotios C. Harmantzis
1559120,Frank Hunleth
1562226,F. Hrtl
1563207,Fernando Herranz
1567309,Florian Hilger
1568545,Frederick A. Hosch
1572778,Friedrich W. Hehl
1573149,F. Hansen
1573388,F. Horkay
1576402,F. J. A. M. Van Houten
1583393,F. Horrigan
1584500,Frank Heckenbach
1585065,Falah S. Hasoon
1611164,Frank Houwing
1614740,F. Hausdor
1625242,Frank Heinze
1627326,Fredrik Heintz
1630147,Fran¸coise Harmsze
1630775,Faustina Hwang
1638119,Frank P. Heese
1639141,Felicia Hurewitz
1640098,Fred Hart
1646162,Friedel Hossfeld
1647844,Forrest G. Hall
1655119,Feng Sheng Hu
1656550,Frank Hofman
1666698,F. Hamel
1678057,Fred B. Hagedorn
1678538,Fred B. Holt
1683348,Fabiano Hessel
1684061,F. Hiraga
1686026,Frank Hulsemann
1688155,Frank Honore
1695811,F. Hodjat
1698168,Frank T. H. Den Hartog
1703153,F. a. Hardjanto
1711837,Fred Hoyle
1718409,Frank Houwing
1718964,Fu Hau Hsu
1731637,Frank M. Hauser
1732669,Frank Hauser
1738122,Frank P. a. Hogedoorn
1739175,Frank van Harmelen
1741269,Fritz Hamm
1748948,Fred R. Hickman
1776270,Franz E. Hohn
1792846,Fuh Hsin Hwang
1794779,Fritjof Helmchen
1821145,Fridtric Hourdin
1839171,F. Hao
1840170,Fuman Hsieh
1843573,FernUniversitat Hagen
1847061,F. Kupka Heiter
1859355,F. Robert A. Hopgood
1859711,F. Reese Harvey
1883820,Fritjof Helmchen
1884858,Friedrich Heizmann
1894251,F. Honegger
1902088,Fern Y. Hunt
1909847,Franz Hover
1910970,F. Hardisty
1918539,F. A. Haight
1921844,Friedhelm Meyer Auf Der Heide
1934305,Fereshte Haghighi
1964696,Frank Hischke
1979937,Frederic Heliodore
1986470,Francisco Rodriguez Henrquez
1987491,Fakhralden A. Huliehel
1989504,Frederic Hlein
1993335,Frans C. t. Van Der Helm
1998222,F. Hanser
2004982,Fiaz Hossain
2007297,Felix A. Himmelstoss
2007467,Fractal Market Hypothesis
2018735,Fritjof Helmchen
2022663,F. Hodjatkashani
2041668,Fiona Hovenden
2058849,Farshad Hakimpour
2060714,Fumitaka Hoshino
2061512,F. Hamzaoglu
2063779,F. Handa
2067144,Frank Hartung
2073269,F. Holmes
2082010,Frederick R. Haselton
2093375,Friedrich W. Yon Henke
2093856,Frank Heinzmann
2096939,Florence V. Hutcheson
2097100,Frank D. Hastings
2100513,F. Haslinger
2123694,Frank Hartmann
2123763,Frank Heuschen
2124364,Frank R. de Hoog
2132921,Frank J. Hatfield
2134326,F. Moelaert El hadidy
2140878,Frederick C. Huff
2148553,F. Hobbs
2150431,F. h. Hurd
2154574,Francisco Rodriguez henriquez
2160048,Fred W. Howell
2163047,Frederic Hecht
2176511,F. Z. Hsiao
2180293,Fabrice Hubaut
2181580,Fiona Hoyle
2204234,Frank Hopfgartner
2209649,Face Cues For Human
2217387,Fred Harris
2220419,F. Perez Hidalgo
2253012,FLORENCE HUBERT
2259689,F Heissig
2265174,F. El Hawary
2265473,F. Harmsen
2266682,Fernando Vega Higuera
2268653,F. Hull
2272554,Fred Hemery
2277580,F. Hodjat
2286580,Felix Herrmann
2292239,Fengduo Hu
2293442,Frank J. Hatfield
