20463,Workflow Information
35394,W. Ishimori
74056,William Benedict Russell III
144595,W. G. Iacono
154842,William F. Ganong III
220550,Wai Yu Glasgow Interactive
270205,Well being Complex Interaction
295370,Why Intradomain
299108,Walter Daelemans Itk
372225,With Directional Information
416272,William B. Abernethy III
416734,William A. Watson III
456417,W. Imaino
463133,William Goddard III
557846,William M. Keese II
677116,W. P. Isherwood
748031,W. L. Peters III
754229,William McLendon III
757908,William H. Meeks III
825360,Wilfried Imrich
878832,W. Iser
898348,Wayne M. Itano
903603,W. Rance Cleaveland II
904126,Wataru Imajuku
932488,William J. Ince
937845,William M. Springer II
966596,W. Ishikawa
974030,With Ultra thin Inorganic
977108,Winfried Ilg
1002850,With Bounded Influence
1023108,W. D. Hibler III
1066796,Winston Inc
1080920,William J. Ingram
1152586,William F. Punch III
1157047,W Ichmann
1193502,Wijnand A. Ijsselsteijn
1240484,William N. Scherer III
1313290,Www Implementatio
1314261,William F. Herlehy III
1435248,William L. Morris III
1470552,When Actions Impact
1513803,William M. Wells III
1515902,Walid Ibrahim
1621309,W. M. Irvine
1633131,William Wells III
1633550,William Ivancic
1709207,W. Frank King III
1714464,With Lexical Information
1734532,Wafik H. Iskander
1760696,William F. Punch III
1773855,William H. Wood III
1775670,W. B. Wingert II
1790719,Wiskunde En Informatica
1839579,Will Be Inserted
1861210,W~ Polytechnic Institute
1892384,William V. Jecusco II
1902653,William V. Courtright II
1931240,Walter B. Ligon III
1958707,William V. Courtright II
1958916,With An Innovative
1961221,Wall Summer Institute
1977862,William H. Meeks III
1980519,W. Ingleton
2065379,Wahab Issae
2165452,W. J. Robison III
2215238,William H. Meeks, III
2241481,Williams Ludwell Harrison III
2271298,What Is Interesting
2293130,Web Access Initiative
