5450,Marc Leysen
11895,Melissa Lamar
13355,M. Lievin
17418,Martin E. Leser
18295,M. Lerner
19169,Man Wai Lee
20523,Michael Lemay
20834,Ma Dong Lin
24864,Miltiadis D. Lytras
25041,Michael H. Long
25867,Mary C. Lacity
26036,Marco O. Lanzagorta
30656,Michael F. Lofchie
30727,M. Livingstone
32724,Miriam E. Leeser
33316,Martin Loebl
37493,M. Lassner
42451,M. Lundeberg
47138,M. L. Livingston
47534,Marcia Lucena
47612,Mark W. Lansdale
48529,MARTIN F. LAMBERT
48532,Mario Levis
51547,Mohamed Adnan Landolsi
53921,Matthew W Loose
54783,Mitchell O. Locks
57974,Martin H. Lauterbach
62584,M. M. Lore
63168,Mike Boyleand Douglas Lind
64264,Mico Loretan
64331,M. A. Leicht
68031,Meilin Liu
68032,M. Ley
68036,Malcolm Yoke Hean Low
68470,Mary Laporta
74901,Manuel C. Lopes
74988,Mark S. Leeson
76051,M. Limpel
79805,M. Louerat
80530,Marlize Lombard
83604,Mike Peng Li
84662,Ming Chih Lin
84678,Maria Beatrice Ligorio
85078,Martin Lingl
85950,Michel Lacroix
87340,M. Laitinen
87997,M. Lollo
93510,M. Lambeck
95690,Michael S. Lee
96162,Muhammad Muzzamil Luqman
102516,M. N. Limber
102662,Marjorie Le¨?n
103960,Michael Lahanas
106685,Maylor K. H. Leung
107416,Marja H. Lamoree
109957,Marc Lars Lipson
110175,Min Jeong Lee
111030,Mattias Lfgren
111547,M. Lamb
115139,M F Letheren
115660,Maria Garcia Larrode
118716,Myung soo Lee
119816,Marcus christopher Ludl
123154,M. B. Llewelyn
124199,Miguel R. Olivas Lujan
125477,M. Lauria
128769,Me Ludovic
129652,Mario Mendez Lojo
129957,Marsha C. Lovett
130833,Mp Lawton
131365,M. Limb
134294,M. Lama
134538,M. A. Sanchis Lozano
137858,Matthew J. Liberatore
140668,M. t. La
140722,M. b. Lisboa
141014,Michela Lenzi
141364,Modern Semiconductor Lasers
141634,Mika Laaksonen
141650,Monica Donno Luca
143635,Manuel Lopes
147535,Marcelo J. S. de Lemos
152298,M. Labb'e
152387,Martita Lopez
154419,Maurice Leslie
155008,Mody Lempel
157553,Mitchell Lyle
162910,Mao Wei Liang
163393,M. Lampert
164718,Mike Lewicki
168539,M. C. Lout
187002,M. Luglio
187806,Mark Lentczner
188271,M. Litzenberger
189792,Mikael Lindvall
194148,M Fernandez lopez
195113,M. Liardet
196231,Miao Kang Lan
201889,Mai Suan Li
202813,M. Leetmaa
203106,M. Benskin With M. Laing
205935,Merrill Lynch
211178,M. S. Lozier
212268,Mildrid Ljosland
212803,Martin Lettau
214790,M. Langevin
221543,Mary Z. Last
226389,M. Langer
227203,Michael G. Lorenz
227911,Multiple Diffraction Loss
227928,Michael S. Wusk Nasa Langley
228880,Marc Lohmann
230644,Marc antoine Legault
231353,Mikael Lind
235052,Mu Yi Liu
235254,Mario Lischka
235687,Maria Loughlin
242197,Ming C. Lin
245330,Martin Lettau
245867,Marten Lampinen
247944,Matthias Leippe
249731,Martin P. Lee
250582,Marya Lieberman
251044,M. H. Lean
253026,M. D. Lutovac
253595,Machine Translation Lucia
254063,Marek Lassak
255237,Miguel R. Olivas Lujan
256674,Michael Levit
257699,Martine Labbe
263548,Muhammad Muzzamil Luqman
264749,Michael Lohr
269066,Mark W. Lewis
270231,M. Le
270498,M Lmton
271746,Maurizio Lucentini
275710,Miguel A. Montanes Laborda
275810,Matthias Läng
279041,Marina Lukashevich
282299,Miao Liao
283370,Mario Livio
284541,Michael H. Long
290590,M. Long
292681,Mark Lepage
301840,Michael Berry Ly
302783,M. Lehtonen
303440,M. Leone
305402,Mafia Vittoria Levati
306185,Michael Ming Tak Leung
307934,Mail Address Lilyb
308830,Marja Lamoree
309204,Mary Beth Leigh
310716,Meng Li
311501,Marc Andre Laverdiere
313651,Michele Lualdi
318078,Michael J. Lancaster
319701,Marc Andre Laverdiere
320107,Megan B. Lewis
322254,Mikel Lujan
325678,Maher Lahmar
326045,M. Liebau
329703,Min jae Lee
330068,Matthias Lott
332401,Mary L
332547,Marco de Leo
334451,Megan F. Leahey
336356,Micky Louie
336987,Mika Lasanen
337297,Missouri Louis
338720,Molly Brown Nancy G. Leveson
339024,M. Charles Liberman
339792,Maya Leon
341298,M. A. Lefsky
348233,Matthew Lear
349847,Melissa B. Lodoen
350849,Matthias Lampe
352445,Mill Lane
361938,M. G. J. Lind
368096,Maria Vittoria Levati
370471,Marc Langheinrich
371522,Matthew R. Lehr
371582,M. Lacoste
372629,MIGUEL A. LERMA
372771,Marius Laza
373145,Mark S. K. Lau
377751,Maria Antonieta Lorente
378461,Magnus Lundeberg
379105,Marc Lien
379106,Marko Luther
380338,Martin E. Leser
382706,Matthias Leybold
382727,Mark A. Livingston
383091,Maria Vittoria Levati
384250,Marjorie L. Longo
389161,Maria Rita Lagan
390468,Martin Lange
390800,Marcelo Lobosco
391383,Michael T. Lacey
391999,Michael Leffak
394109,Mu Ller
394427,Michael R. Leach
395602,Marko Lindroos
398925,Meng hiot Lim
399400,Martin E. Leser
399593,M. Longinetti
404205,Mingwu Lai
404397,Marilyn Lockhart
407188,Martin D. Levine
410265,Maria Lampis
410286,Maria Vittoria Levati
411057,Marco Leone
411724,Mary Jo Lavelle
412401,Melanie A. Lotocky
416309,Mark Lawton
418035,M. Lin
419666,Marisa Morita Luiz
420604,M. Lourdes Loureno
433925,M. Lukaszewicz
437697,Min Li
440354,Mou Chih Lu
440808,M. Lukashevich
443030,Michael J. Longo
443919,Ming Tsan Lin
445087,Matt Leotta
446316,Martin Lorenz
447402,Melvin Leok
448603,Mike Leadore
450129,MARK LUPISELLA
455887,Michael Lloyd
459479,Mikko Laakso
459906,M. Lenzi
461244,Marilyn M. Lombardi
461924,Michael S. Leonard
463418,Mitchell W. Lyle
468986,Min ho Lee
475589,M. M. Lehman
478065,M. Ni. Lionel
478272,Monika Lanzenberger
478848,M. Lagogianni
481858,M Lykkegaard
482475,Mun kyu Lee
484198,M. j. Loffler
488794,Marc Andre Laverdiere
490192,Minna Lakkala
497238,Ming Ju Edward Lee
502831,Marion Libossek
508596,Michel Latteux
509377,Marielle Lange
509747,Mickey A. Latour
509995,Michael Lounsbery
513974,Michael Lyons
514506,Mingshan Lu
516821,Maria Lapata
517348,Marco Luise
519459,Ming Kwei Lee
523711,M. Locher
526030,Miguel A. Lerma's
527637,Mark Levi
529338,Mike Lewis
530222,Mark A. Lantz
534912,Marcel P. Van Lohuizen
538376,Maurizio Longari
542346,Marsha Marie Linehan
551415,M. Levin
552594,Myung Sung Lee
554272,Michael R. Levy
559536,Mariluza Pinto Coelho Lacerda
559639,Maw Shung Lee
560198,Marcelo Laca
563873,M. Luse
564606,M. Van Lier
565067,Mun Seob Lee
567310,Mel Levy
569150,Michel Lazdunski
569693,Mark F. Leppert
570396,Michel Leonard
573254,Marco Leimeister
573260,Michel Lemoine
575572,Michiel Lammers
579007,Max G. Lagally
576622,MAARTEN LOGGHE
577222,Michael R. Laurence
584279,Michael Lang
587177,Marie Amelie Lawn
589242,Mark Lotkin
590981,Mitchell Luskin
591273,Miguel Angel Lozano
593176,M. o. Lai
599045,Melva Quiroga Leal
601100,Mihai Lupu
603122,Man Hyung Lee
603404,Mark Lemkin
605169,Melissa B. Lodoen
606978,Maren Lau
607944,Martine Leermakers
608190,Maurizio Lucenteforte
608504,Ming kuan Liu
610663,M. Luniewicz
611619,M. Lehradt
613831,Markus M. Lerch
615532,Mental Leaps
618858,Marji Lines
619014,M. Lieuvin
620240,Maw Huei Lee
621489,Melvin Leok
631871,Michael J. Lutz
634932,M. Lotfalian
638590,Michael G. G. Laidlaw
640183,Ming Li
644261,M. LeFloc'h
644640,Martijn A. R. Leisink
645681,MARIUSZ SKA LBA
646949,Michael Lawson
649091,M. Lampton
651165,M. s. Larsen
651253,Mark Longley
654739,M. Ve lasco
660865,Martin D. Lepage
662806,M. Lechunga
664260,Magnus Larsson
669181,M. Lubanski
669547,Mark L. Lewis
670309,Michel Laviolette
674302,Missi Leak
674375,Mediaone Labs
674667,Minglu Li
676591,Mark E. Luce
689346,M. Lepper
692183,Mark Lewandowski
692884,Marcella Longhetti
694918,M. Lucertini
695327,M. Loikkanen
695983,Maxime Lhuillier
696284,Margit Lang
700238,Mee jeong Lee
700268,M. J. Lighthill
704198,Mu Ller
705190,Menel Lassoued
706834,Min Chin Lin
709635,Mark Lillibridge
709878,Michel Kerszberg lewis
714319,M. S. Lancarotte
715861,Mario Latendresse
717293,Michele Lanza
719360,Matthieu Legendre
719539,Mark E. Lucente
720114,Marlyn Kemper Littman
722484,Marc Langheinrich
723289,Michael Lomonosov
723726,Marc Lettrari
723746,Michael T. Lewis
725446,Min Yih Luo
726528,Mel Levy
727010,Manfred K. Lang
731997,Maylor K. H. Leung
735672,M. Levenson
737412,Milo Lin
739690,Mary Ellen Litzinger
740110,M. Willebeek lemail
740872,Michael Looney
742489,Mark Last
746656,Meir Lahav
749718,Manipulators Perry Li
751673,Maozu Lu
756629,M. Laszlo
756899,Mark Lawrie
757096,Ming Qi Li
757747,Mark Hugo Lopez
757876,Michael E. Lukacs
758624,Max Lieblich
761549,M. Z. Lin
762915,M. D. Levin
765866,Mare Lcvoy
769261,M. e. Lee
769926,Maska Law
771118,Michael Lewis
772049,Myung Woong Lee
772909,Myungjin Lee
776617,M. Lazer
776660,Michael J. Lalor
778154,Man Wan Lo
778792,Martin Vetterli Lcav
781903,Max Lieblich
782669,M. a. Lopez lopez
786004,M. j. Lazarus
786531,M. C. Luengo
789222,M. A. Murray Lasso
790778,Maria Liakata
793739,Michael Livshitz
795894,Manipulation Xin Li
797717,Martin B. Leon
800542,Ming Yih Lee
801126,Mei Hua Lee
801595,Miroslav Liska
802773,Matz Lenells
806323,Maren A. Lau
813597,M. Von L?wis
814506,Metodologa Ytecnologa De La
816154,Marilia P. Lima
817685,Ming C. Lin
819030,Monica Batista Leite Lima
821153,Matthew Lybanon
827128,Mary J. Lindstrom
828988,Markus Lorch
830935,Marvin O. Loftness
830957,Margarita Vázquez Manuel Liz
832540,Manuel Lopes
837343,Mike Lemon
838196,Ming Li
838209,Michael T. Lewis
841355,M. L. Levine
849588,Monico Linares
851054,Melissa E. Libertus
852893,M. B. Long
854998,M. R. Lederer
857728,Michael L. Linenberger
857737,Michael Lustig
857869,Magnus Larsson
858510,Mark R. Laws
858773,Multimedia Signals Lars
861543,M. Lentmaler
867531,Marco Lazzari
867843,M. Lannoo
869767,Michael C. Lou
871004,Michail Yu. Lobanov
871332,M. s. Lazo
873255,Marya Lieberman
876954,Matti Lassas
878200,Mu Li
879844,M. Ljungberg
883312,May Lowry
884681,Marcus Vinicius Lamar
886141,Mocito Liliana
888965,Margaret Lloyd
891993,M. Lowe
893677,Marie paule Lefranc
894844,M Leigh
896371,M. Lutz
896937,M. J. Lanigan
898587,Mark A. Lemley
898630,Michael C. Lampel
899226,Ming Wei Lu
904047,Michael F. Lofchie
904265,M. t. Ponce De Leao
906265,Martin Lodge
912944,Mark W. Lenhoff
913035,M. C. M. Lee
913324,Michael A. Lexa
915868,Mikael Laakso
916026,M. Laing
916084,Michael T. Lohr
917057,Mike P. Liang
917556,Michael Harold Lees
917783,Marco Lops
918965,Mike Lijewski
919116,M. E. Leser
919410,M. d. Lockard
919805,Matthew C. Largent
920341,Mitchell D. Lubars
921173,Magdalena Lysakowska
921615,Martin S. Lacher
924335,Markus A. Luty
924904,Motivated By Application level
925819,Meng Yi Li
927477,Marc Lymetnan Veronika L
930011,M. J. Longo
931965,Mo Longbin
933045,Martin Lenz
934449,M. p. w. Lasec
935564,Min soo Lee
936164,Martin Lea
937326,Martin L. Lagod
937909,Michel Ledoux
938460,Melvin Leok
939272,M. Laabissi
939602,Michael Link
940214,Michael Luck
941868,Michael J. Lemon
943363,Meter. Language
944845,Mark Sh. Levin
944880,Michel L. Lapidus
955527,M. Lanzagorto
956439,Michael Lipp
957958,Mike Tien chien lee
962194,Marie paule Lecouffe
963600,Michael H. Lennard
964309,M. Lechner
964375,M. Lagerquist
965211,Miguel A. Llama
965651,Mark A. Lemley
966693,Mireille Bousquet m'elou Labri
967742,Mustafa Odabasog Lu
975022,Mark H. Liffiton
975306,M. T. Laub
975363,Mika Loukola
977606,Myung Ae Lee
977977,Mark I. Lutwyche
982099,M. c. Lang
992313,M. Lonza
996177,M. Luciana
997020,M. Lastra
998320,Mark J. van der Laan
998920,M Lappe
1000139,Myung Gull Lee
1001749,Michah Lerner
1004419,Meng Lu
1005486,Mark C. Little
1006486,Matthias Liess
1007564,Michael E. Lesk
1008155,Michael R. Lissack
1008575,Mark J. Logan
1013820,Mario Lauria
1027807,M. Lazrek
1033683,M. Araceli Lorenzo
1041663,Marie Claude L'Homme
1042666,Miodrag Potkonjak L
1043117,Matthias K. B. Ludeke
1044007,Meng Chun Lin
1046918,Matt Last
1048138,Michel Liquiere
1049350,M. m. Livstone
1051812,Marilyn N. Ling
1052336,M. A. Lafortune
1052744,M. R. LEYS
1054667,Morton Layouts
1055407,M. J. Levine
1055886,Martin Lettau
1055898,Michael Lach
1057204,Malcolm Yoke Hean Low
1061986,Maciej Liskiewicz
1063579,Melissa Libertus
1064860,Monica Batista Leite
1065166,Mario Mendez Lojo
1065914,Michele LaPlante
1066938,Marcus Leich
1067359,Martin Libicki
1068347,Marco Lohse
1071156,Mnica Miguel Lago
1072187,Mi suen Lee
1076427,Michael L. Linenberger
1077841,M. Levi
1081333,Mary Lou Leary
1081524,Maria Veneranda C. Lee
1082901,M. Leibovitch
1086573,Michael L. Lyons
1092972,Markku Laine
1093257,Margaret J. Lyell
1096493,Matthias Liess
1098806,Maria Yu Lin
1100822,Martin B. J. Leusenkamp
1106482,Monika Ludwig
1108909,M. C. Lamorey
1111050,Michael Levin
1115068,Michael G. Lamoureux
1116859,Min Lee
1117836,M. Gustavo Lizarraga
1121871,Michael C. Loui
1124934,Michel Latteux
1130651,Melanie Loots
1134575,Marc A. Lerner
1135807,Mik Lamming
1137192,Mordechai Lewin
1140246,Manfred Lindmayer
1140266,M. Lassonde
1140580,Mohamed Layouni
1141110,Michel Lecours
1141720,M. Lal
1142583,Michael Liebling
1142652,M. Linckelmann
1146019,Marie helene Lallemand
1147800,M. Litorja
1148695,Mulugeta Libsie
1149168,Martha B. Lee
1149299,Mary Beth Leigh
1150723,Michael Y. Li
1153864,M. Lazzaroni
1157095,Mingyan Li
1159106,M. Poli Lener
1160863,Mark Urban Lurain
1168819,M. A. Latifi
1170217,Min long Lin
1172327,Mario Lecavalier
1175535,M. W. Lippitt
1175904,Mykola Lysetskiy
1178724,Mark Lycett
1179290,Maurizio Lenzerini
1182832,Martin Loken
1186866,Mikhail P. Levin
1195633,Mitchell K. P. Lai
1197455,Myung A. Lee
1198083,M. S. Lewis
1198237,Michael W. Leonard
1200496,M. F. Lachman
1200945,Matrices Over Local
1202590,Mattias Levin
1206877,Mark A. Lemley
1208504,M. Leltchouk
1208667,Matthijs van Leeuwen
1210003,Minchang Liang
1214439,Marloes M. J. Letteboer
1216634,Manuel C Lopes
1219210,M. g. Li
1221148,Marcelo M. Lamego
1221558,M. Lottor
1226514,Margaret L. Loper
1226708,Mai Suan Li
1227183,Michael S. Lubell
1229287,Ming Gar Lee
1235671,Maria Teresa Lamata
1237622,Matthew C. Lowry
1241595,M. J. Leupold
1243511,Mrio J. N. Lima
1243583,M. c. Van Leunen
1246139,Man Kay Li
1247236,Martin Lefering
1251018,Magnus Ljungberg
1252604,Myron Lipow
1254709,Mathieu Lagrange
1254793,Mike Ludwig
1257459,M. Levitt
1257925,Malcolm Yoke Hean Low
1260597,Maurice P. Levy
1260770,M. Lucenti
1264978,Michael Lustig
1265838,Manuel Lopes
1266653,Mitja Lenic
1268090,M. Lopez
1269987,Michael A. Lacasse
1270832,Ming chou Liu
1274046,Mark Lacy
1274513,Min Lai
1278243,Mathieu Liedloff
1279740,Marketplaces Yinsheng Li
1281841,Mary E. Lidstrom
1284127,Mansour Loeloeian
1284248,Matthijs van Leeuwen
1286485,M. Lecrivain
1289384,Mathew A. Leibold
1292055,Michael Ladische
1292166,Malcolm Yoke Hean Low
1292988,Marino Linaje
1293713,M. Ljevak
1297340,M. Larsen
1298189,Malin Lindquist
1298854,Matthew Lavery
1301145,Ming Han Liu
1305630,Mark E. Law
1308338,Michael Lentmaier
1310257,Marco Lazzari
1310361,M. Lansman
1311589,Ming Lin
1316598,Ming Ling Lo
1316880,Mario Jorge Lima
1320664,Maokun Li
1322257,M. f. Lewis
1325182,Mary E. Lidstrom
1326296,Modal Logic
1326743,Ming Chih Lai
1327502,Michael R. Lowry
1329142,Man Seop Lee
1333909,Marius George Linguraru
1345520,Marie noelle Metz lutz
1351571,Mark Loveless
1352412,Marilia Lima
1355634,M. Little
1356316,M. r. Lee
1357191,Martin E. Leserz
1359361,Min Kyu Lee
1361375,Marc A. Lerner
1363767,M Lehrstuhl
1365192,Matthew B. Lowrie
1365462,Mario G. Lattanzi
1367444,Michael Langston
1368382,Mong Li Lee
1368845,Manu Lahdes
1370180,Molly K. Leecaster
1370457,Mingzhe Li
1371801,M. D. Lecompte
1376057,Meng Lee
1379726,Miguel Levy
1381991,Moises Levy
1387296,Maxwell C. LaFrance
1387522,Marc Lange
1390158,Micael V. Lomonosov
1390931,M. A. Lander
1396634,Mark R. Lomas
1397914,M. s Lin
1399541,Michael Ley
1400668,Maria Lapate
1401300,M. Lilly
1402176,M. A. G. Las
1402275,Martin B. Leon
1402914,Mit Ai Laboratory
1403684,Mel Levy
1404249,Matilde Legua
1406544,Marios Lestas
1409577,Martin Von Löwi
1410606,Michael Lassig
1411229,M. j. Ludowise
1411950,Michele La
1416118,Martin L. Leuschen
1420857,Marilyn N. Ling
1423662,Mathieu Linares
1425292,Michele Loreti
1425372,Mike Litzkow
1426590,Michael Lundholm
1438272,M. Leas
1439503,Michael S. Leonard
1442642,M. Levay
1443365,Micha Loebermann
1444199,Michael Lorenz
1445400,Menghow Lim
1450118,Murata Mfg. Co. Ltd
1451256,Mathieu J. P. M. Lemmens
1451290,Marek Leszak
1451855,Meiya Li
1454831,Markus Lockelt
1456538,Martin Lukac
1464659,M. G. Lavenant
1465756,Matthew Lewis
1470721,Marcos Pereira Estellita Lins
1473382,Merja Lehtovaara
1474632,Michael N. Liebman
1476261,M. Leisner
1482245,Michel Leborgne
1482967,Mark E. Lee
1484278,M. Larsson
1491195,M. Wood lewis
1491871,Ming Ronnier Luo
1492646,Mark C. Lewis
1493056,Ming Li
1494195,Maj Laura
1496448,Michel Labrune
1496715,Michel L. Lapidus
1497298,Marcia C. Linebarger
1500257,Mitchell Lyle
1500634,Mylene Lavigne
1501873,Myung Shin Lee
1504328,Martin R. Lewis
1506177,Martin Llamas
1510763,Marie Amelie Lawn
1513211,Michael Lemanski
1515591,Marco Lovera
1515743,Mark R. Lindsey
1516909,Malcolm G. Lane
1517175,M. Linvy
1518046,Mong li Janice Lee
1519512,M. Leluyer
1520711,M. J. Longtin
1521220,Michelle Lee
1526315,Marcello Lando
1532137,Mark Ching Cheng Lin
1538101,Michael J. Lopez
1542793,Miguel R. Olivas Lujan
1545283,Michael E. Leventon
1550815,M. H. Liu
1551680,Michael C. Loui
1552783,Miguel A. Labrador
1554518,M. Litt
1554702,Marcello L'abbate
1554733,Ming Kaan Low
1554761,Myeong Hwan Lee
1559172,M. Lesieur
1561321,Mingjie Lin
1561695,Michel L. Lapidus
1568853,Macarena LINIERS
1577546,Mathias Liess
1580386,Mikko Laine
1580646,M. K. Liubakka
1580992,M. y. Li
1581384,M. Lucena
1583232,M. Y. Liu
1585296,Michael T. Lanagan
1585660,Mark Levin
1589243,Myeong Hwa Lee
1590307,M. Lalonde
1595194,M. J. Lawrence
1595541,M. Lemoine
1597177,M. Levinson
1597922,Manuel de Leon
1602578,Man Chun Leung
1603353,Max M. K. Liu
1603418,Ming hao Lu
1603695,M. Loock
1608227,M. Labudovic
1608721,Ming chung Liang
1612492,Michael J. Lush
1615185,M. Storrie lombardi
1615284,Matthew R. Lehr
1617399,Myung Jong Lee
1618312,Markus Lumpe
1618990,Marc Liberatore
1619697,Michael Luck
1620433,Macro element Ming jun Lai
1621405,Muhammad Muzzamil Luqman
1621706,May T. Lim
1622992,Martin Saint laurent
1623044,Marc H. Van Liedekerke
1624377,M. Lefgren
1625104,Margie Levine
1626042,Marino Linaje
1628795,M. Leross
1630897,M. Legentil
1633666,Megan K. Laird
1642601,Marie B. LEVINE
1651703,Md Lesh
1654927,Ming tsan Liu
1656599,M. Lazar
1657229,Meir Lahav
1661598,Manuel Lopes
1661631,Malcolm Yoke Hean Low
1665751,M. Lipman
1666246,Martin E. Leser
1666352,Mark LESTER
1666408,M. Licko
1666525,Mark G. Lauby
1669357,Ming yu Liu
1669858,M. L. Lenhardt
1677741,M. Levesque
1682493,M. Lele
1684684,Michael E. Lesk
1685503,Maria Luisa Lorusso
1685741,Marina Lipshteyn
1686473,Mike Livesey
1688261,Mary G. Leitnaker
1688695,Marcus. V. Lamart
1688791,Mathieu Lafourcade
1689559,M. m. Leopold
1690200,Marc André Laverdière
1695063,Merrill Lessley
1695072,Michael Lijenstam
1698199,M. Leong
1700123,Manuel Laso
1700688,Martin Lueker
1702197,Mindy Lai
1702255,Martin W. Liebeck
1702501,Malcolm Yoke Hean Low
1707550,Melissa D. Lane
1708283,Mel Levy
1712753,Michael G. Lamming
1713976,Micro Focus L
1714102,M. r. Lovell
1720438,Maria Jose Lado
1725223,Ming Yi LAN
1726353,Michael Z. Livshitz
1726716,Magnus Lundberg
1729009,M. Lemasurier
1737582,Moon chuen Lee
1739502,Martin E. Leser
1742802,Mikko Jussi Laakso
1744609,Ming Fu Li
1746329,Manfred Morari Jay H. Lee
1748775,Marc Langheinrich
1749707,Martine Labb
1751130,Mike Loving
1752893,M. R. Leadbetter
1753676,M. M. Lou?rat
1761473,Myungmoon Lee
1764249,Mary Elizabeth Lynch
1764543,Manuel Leroux
1766554,M. p. Lissitski
1772297,M Lisa
1774229,Moon sang Lee
1776961,Mickey Leuthen
1778989,M. V. Lobachev
1779552,Marybeth Long
1781623,Mark G. Lee
1784162,Michael Langerman
1784848,Mark J. Lowe
1788969,M. Laubach
1792452,Melvin J. Lerner
1797125,Miryam Lancha
1798052,Min Ju Li
1798739,Mathieu Latourrette
1803253,Markus Lohrey
1804196,Michael Lynch
1807963,Michael F. Land
1808912,MICHAEL LYNN
1809212,Maria Lee
1813776,Manuel C. Lopes
1817957,Management Linda Lai
1818245,Mette Langaas
1819333,Multi paradigm Logic
1819555,Michelle R. Lennartz
1820143,M. Lowy
1821806,Martin Leissler
1823909,Marcelo J. S. de Lemos
1827886,Malcolm Yoke Hean Low
1831417,M. Lenz
1831891,Mark Leadbeater
1833036,M. Frul lone
1836661,Michael Letourneau
1836975,Marc Linster
1837696,Moussa Larbani
1838477,Marin Lita
1838516,Martin Lippert
1844291,Meng xiang Li
1845514,Marcin Lukaszewicz
1847583,Michael Liepert
1850190,M. Z. Lagoudas
1851601,M. l. Lucia
1851911,Michael A. Lones
1859772,Moon ho Lee
1860901,Matthias Lesch
1860947,Mo Li
1863107,Malwina Luczak
1866137,M Lenzermi
1869895,Mike A. Lockyer
1873540,M. SK LODOWSKI
1875477,Mr. Larry
1876558,Mark A. Loewenstein
1877589,Maxim Likhachev
1879923,M. Lorenz
1882937,Mark Lindeman
1885425,Moon Noh Lee
1894666,Margarita Fernandez Limia
1897322,Mark A. Lawson
1898981,Malcolm Yoke Hean Low
1899421,Ming Chi Liaw
1900439,Michiel M. Ligthart
1900962,Moon Chuen Lee
1901881,Mariano Fernandez Lopez
1902403,Mik E Litzkow
1902467,Marc Levine
1902648,Min sheng Lin
1905827,Ming Yu Liu
1907580,Meghan Lane
1909018,M. Lepovic
1909407,Marc De Leenheer
1909716,Marc Lescure
1911955,Michael D. Linden
1914009,Michael Lightstone
1914730,Mathieu Liedloff
1922025,Morten Lindholm
1926711,Min Goo Lee
1927391,M. K. O. Lee
1927635,M. Leester
1929126,Mark Lotter
1929966,M. V. Lat
1930428,Michael D. Levi
1931832,Min Chang Lee
1934455,Maryanne C. J. Large
1937177,M. w. Luttges
1938982,M. Leconte
1940000,Mary E. S. Loomis
1940789,Maro'an Leban
1942227,Matthew J. Leotta
1943970,Ming C. Lin
1944999,Min Jie Liang
1945353,Muye Liu
1946665,Markus Lappe
1949624,M. M. Leung
1951804,Mingyu Liu
1954859,M. Leino
1955823,Matthew D. H. Lay
1956658,Ming ta Lei
1960047,Marsha M. Linehan
1962065,Michael Liebling
1965120,M. Langley
1975735,Mark G. Lauby
1977077,Mao Hua Le
1980015,Min Tang Li
1982960,M. Losada
1988897,Margie Longo
1989087,Moti Levi
1994421,Mikael Laakso
1994822,Michael Lawo
1995043,Marino Linaje
1996967,Michael Lawrie
1998234,M. L. Lee
1998986,Michael E. Levine
2009687,Myung Gyoon Lee
2013252,MICHAEL K. LIPTACK
2013440,Mingqi Kong Jean Pierre Leduc
2013479,Mark C. M. van Loosdrecht
2014244,M. Liu
2014251,Mark A. Lemmon
2015223,Martin Lowe
2016118,M. Lena
2019129,M. j. q. Van Der Lem
2021306,M. Leencini
2027282,Maurice B. Line
2029905,Maud P. Langlois
2031966,M. Litoiu
2034327,Mary Lascala
2034941,Markus Lang
2035080,M. Lehrer
2036065,Melinda Lombard
2037548,M. P. Loeb
2039273,Michael J. Liebelt
2039406,Marco Liserre
2040023,Micha Loebermann
2045713,Min Kyung Lee
2048469,Myron Lecar
2049441,Mariusz Lemanczyk
2049790,M. L. Lawless
2050377,Marino Linaje
2051336,Magnus Lindstrom
2051691,Ming Li
2052469,Myriam Lamolle
2055037,Mark G. Lathrop
2056255,Machines Josep Llosa
2058594,Michael C. Lifer
2058642,Mook Seng Leon
2059131,Monika Ludwig
2061677,M. F. Larsen
2062176,Michael Landrigan
2066311,Mike Lucas
2068840,Min Joon Lee
2071656,Marc A. Loizeaux
2071714,M. Loa
2074487,Mikael Lind
2078844,MICHAEL H. LONG
2082033,Mark S. Lake
2087323,Michael E. Lesk
2088513,M. H. Lob
2095729,M. Lees
2095941,Michel Lamotte
2098277,M. A. Lyles
2098642,Mark T. Lemmon
2099505,M. Lynn
2099940,Marcos Lage
2102216,Marc E. Levitt
2107195,Mark V. Losik
2107327,Maria Antonietta Lembo
2107649,Michel Lemaıtre
2110177,Mauro Loggini
2110758,Marcus Amorim Leal
2111155,Myungcheol Lee
2111826,Mark Alun Lewis
2111982,M. La
2114181,Meng Lin Li
2114235,Meziane Lasfer
2118467,Myoung Seob Lim
2119097,Ming ju Lee
2120061,Michael Keith Liptack
2121347,M. Libotte
2126470,M. Lambertz
2127337,Michael R. Ladisch
2128220,Michel Landry
2128771,M. Lu
2130416,Marc C. Lobelle
2133600,M. Leones
2134955,Mona Laroussi
2136163,Michael Littman
2147267,M. G. Lawlor
2148508,Ming Jun Lai
2150871,Miika Linna
2151899,Michael Lauriente
2156029,Mathew A. Leibold
2157852,M. Loope
2159404,Marek Lefik
2162014,M. Lamb
2165294,Martin Landers
2172192,Michael A. Lonetto
2175002,Mun K. Leung
2176869,Michael F. Lofchie
2178268,Marianne E. Louie
2178303,Maozhen Li
2179961,M. Ljungberg
2184845,M. P. Leong
2185067,Miguel Leitao
2185145,M. Lehto
2197983,Marion Lavril
2202677,Mark Landguth
2202946,Manolis I. A. Lourakis
2203428,Maris Lapinsh
2205554,Martin W. Lo
2208011,Marjorie L. Longo
2210421,Marc Erich Latoschik
2211939,Mok ak Guangtian liu
2212173,Meng jang Lin
2212596,M. H. Lee
2216888,M. E. Wolf Andm. S. Lain
2215214,Mai Suan Li
2217265,Mudhakar Srivatsa Li
2218554,M. s. Loffler
2218621,M. L. Lammers
2219156,M. Laiacona
2220823,M. LaShell
2221689,M. L¨otzsch
2222480,Michael Drew Lamar
2224215,Mike Lahham
2225521,Magnus Lindstrm
2228772,Miguel Angel Montanes Laborda (Miguel Angel Montanes Laborda)
2229320,M. H. L
2230242,Michael H. Love
2230612,Mario Lenz
2233496,Micheline Wesolowski Louvel
2236883,Marco Loog
2238126,M. f. Legge
2240637,Mauri Leppanen
2240705,M. Verge Lapisardi
2241141,M. Lam
2243239,M. J. S. Lowe
2246740,M. Loy
2250664,Mauro Lucchesi
2255067,M. Lronard
2255846,Marc Lavielle
2255869,Maria Eva Magdalena Lijding
2263040,M. J. Lamm
2267351,Mathieu Linares
2267361,Magnus Lif
2269914,Michael Leitner
2270880,Min Suk Lee
2273510,Marianna Lau
2273545,Miguel R. Olivas Lujan
2281447,Marianne De Laet
2282888,M. C. Larciprete
2284355,Mark A. Lanthier
2286011,Martita Lopez
2286615,M. Liberti
2287643,Machine Learning
2289153,M. Ljungdahl
2289465,M. Lindgren
2292273,M. Leta
2292383,Maximum Likelihood
2293761,M. Latteman
