1269,Lina L. E. Massone
1537,L Muntz
2082,L. r. Macdo
5773,L. MORON
7062,Luis Monteiro
11289,Lynn Margulis
20257,Luke A. McNeill
20824,Leo Mark
25670,Lisa A. Meadows
42093,Lopez De La Paz M
43770,L. Mendo
46487,Liqiu Meng
51317,Luca Mezincescu
54282,Lena Magnusson
56631,Location Memory
61105,Lynn Margulis
65995,Laura M. McClanahan
68684,L. C. Miller
70824,L. G. Mckee
75423,Louis Emmanuel Martinet
78518,Linda B. Cottler MPH
79562,Lorie I. Moffitt
92996,L. Martinson
93202,Lnterlisp d Reference Manual
94142,Li Wei min
98933,Logan Karaoz Moreno
102678,Loretta J. Mester
103359,Luisa Mico
103708,Le Moigne
105969,Louis Massey
107539,Luigi Martinelli
121064,L. Mansfield
124536,Ludmila V. Matveets
128650,L. My
130540,L. P. McAlinden
131569,License You May
135298,Lorne G. Mason
136245,Lehrstuhl D F Ur Mathematik
138603,Lawrence R. Mand
139969,Learning Machines
141853,L. J. Maksymowicz
145497,Luigi Martirano
147360,L. De La Cruz May
154584,Linda S. Musil
157784,Luis Montesano
160475,L. R. Muroff
165358,Laurence Hubert Moy
166824,L. Menshikov
173688,Leonardo Gresta Paulino Murta
179714,L. Mirschman
182350,Luvai F. Motiwalla
186390,L. Mcrory
197043,L. Margulis
197462,Luis Sanz Menendez
197493,Luis F. Miranda Moreno
197811,Lech Madeyski
199446,L. Mcdonnell
201380,Leonard Marks
202851,Lynn Meyer
206276,L. T. McWhorter
210176,Lehrstuhl B Fur Mechanik
213508,Lino Marques
216143,Lory D. Molesky
217256,Lionel Marce
218183,L. Müller
219109,Luc J Martin
226372,Lucy Amanda Marshall
236814,L Muyldermans
238028,Lehrstuhl Fur Mustererkennung
238094,Leonardo Merola
239998,L. MONTRASIO
245424,Ludwig Von Mises
249913,Liviu Marin
250592,LUIS MONIZ
250914,Larry Melvin Masinter
251607,Llew Mason
258248,LIONEL MICHAUD
265937,Luegina C. Mounfield
266293,L. Michel
266881,L. Mital
271719,Leszek Marcinkowski
271873,Leesa Murray
272243,L. Merard
284112,Laura Felicia Matusevich
284282,Lus Morgado
304011,Luis Macedo
306481,L. A. C. P. da Mota
307402,L. Martinez
308202,Loyd M. Myers
310391,L. Monostori
317543,Linda S. Mutch
327614,L. Muresan
329439,Lindsey Macmillan
329681,Lesley McCartney
333496,Logik Grundlag Math
338641,L. B. Meyer
338921,L. Marsan
341753,Lei S. Meng
344533,L MARGULIS
347505,Leonard Monk
364983,Ludwig von Mises
375355,L. N. Mulay
382161,Leandro Navarro moldes
382952,Luis Montesano
387255,Le Gruenwald Muhammad
388931,Luis A. Gama moreno
392129,Luigi Vincenzo Mancini
398636,Leonard McMillan
405838,L. Moreno
407391,L. J. Mao
410057,Luciano Margara
412142,Leonardo Gresta Paulino Murta
412989,Ludwin E. Molina
413059,Laurence D. Merkle
416456,L. Mazurkiewich
421797,Luis F. Miranda Moreno
427926,Lingjuan MIAO
431350,Leonard Marabella
434044,Laurent Marsan
436566,L. Montecchio
436684,L. Maugis
437348,Lyle L. Moldawer
437366,Lucian Muresan
437991,Linda O. Mearns
444759,Lik Mui
447920,L. Myaskovsky
450318,L. Mann
450697,Leonardo S. Mattos
452972,Lam K. Ma
460933,Lee Mosher
461146,Luke F. Mitchell
466200,Lars Gunnar Mattsson
470362,Laurent Mével
498054,Luiz Alberto Mattos
499293,Level Set Methods
501198,L. McLees
501463,Local Similarity Measure
501903,Laurence D. Mueller
504282,Laura Sujo De Montes
511977,Luca Mazzei
512002,L. Manoj
515104,Lei Tang Gsia Carnegie Mellon
516836,Li Jehn Ma
520470,Lorenzo Milazzo
520759,L. McLean
521107,Leonard Muellner
522942,Lynne Elizabeth Maquat
523565,L. A. Mobley
528835,Lehrstuhl Fur Mikroelektronik
531775,Leon McCaughan
536937,Leonid L. Moroz
539902,L. Martineau
550409,Local Marketing
565539,L. Mowatt
566009,Linda C. Malone
572977,Larry A. Meyn
584633,Luis Gonzalez Mestres
586125,Ladder Moving
588704,L. Moretti
594763,Luke Miratrix
597654,L. W. Martin
599171,Leonard J. Mirman
602417,Laura A. Michaelis
602677,Lara Maloney
613435,Lars R. McNaughton
614897,LTC Erik Mettala
616145,Lawrence P. McNamee
631419,Leonard E. Miller
636077,Luigi Martinelli
644599,L. E. Magee
644770,Louis philippe Morency
645923,L. V. Mcreynolds
647856,Lyudmila G. Milenova
655538,Liam Madden
656131,Liam McDaid
675857,L. Maltin
677715,Louis A. Molina
683947,Laura Mckinney
684691,Lorelei CRISOLOGO MENDOZA
687674,Luca T. Mainardi
693809,Leonardo Mendonca de Moura
704407,Leonardo Miaton
707209,L. de la Cruz May
708817,Luis Maya
710425,L. Melissaratos
714463,L. B. Mohr
715865,Laurent Miclet
716249,Ludger Meyer
716728,Lucila Ohno Machado
725192,Lluis M. Mir
725500,Luis Macedo
728343,Leon McCaughan
729498,Laura Mirabito
737247,Large Virtual Memory
737284,L. D. Muu
737707,Larry S. Mihalko
740161,LUKE MAHON
744417,Loretta J. Mester
748469,Ljiljana D. Milic
750927,Lateral Masking
752872,Loius phillipe Morency
755647,Lijie Miao
755716,Lesch Dipl. Math
758880,L. de Menna
764414,L. Martin
765310,L. Mendelsohn
774962,Louis Emmanuel Martinet
782643,Long Term Resource Monitoring
787091,L. t. Middleton
789930,Leonid B. Margolis
792835,La. Monarch
795528,Linda H. Macarthur
803399,Lynn E. McClannahan
804225,Leandro Navarro Moldes
806169,Lyle L. Moldawer
812451,L. Martini
817172,Luca Mainardi
819084,Larry J. Mikulecky
819598,Linda S. Musil
827594,Lisa Mapelli
829197,Landon L. Moore
838756,Lauren M. McIntyre
838765,Lori T. McKeough
841686,Long Ma
843057,L. s. Mok
846421,Leila Musavian
855134,L. Maltais
860154,Louis N. Medgyesi Mitschang
861508,L. G. Missaggia
867928,Lihua Yang Manavendra Misra
869807,Leslie A. Madden
873369,Leo A. Meyerovich
880286,L. T. McKnelly
880767,Leonor Modesto
881082,L. Menager
883278,Luigi Musumeci
892623,Large Parallel Machines
895906,Leslie M. Marx
899743,L. Magnone
899938,Labour Market
905623,Lisa N. Michaud
909393,L. Marcinauskas
912384,Ld Meeker
913448,Luca Marzario
913854,Lam Yuet Ming
916244,Lieve Van Mellaert
918402,L. Marcinauskas
918725,Laraine McDonough
919236,LAWRENCE B. MARKS
921279,Louis M. Monier
922456,Levi Meir
926776,Lim Choo Min
930681,L. Gregory Meredith
930725,Ligia da Motta
930830,Lionel Robert Morel
949527,Larry M. McMillin
950592,L. M. Molina
951393,Luiz Homem De Mello
956708,Laurent Melon
958770,Laurent Moll
968810,Luciano Milanesi
970704,L. Medsker
970842,L. Matheu
970909,L. MOFENSON
980607,Luc Museur
987846,Lorenz Moesenlechner
989966,L. Massoulie
1002802,Luis Manuel Matias
1010233,Laurent Mouchard
1013377,Lisa M. Marvel
1016490,L. Montel
1028162,L R Milhon
1036909,Li Mo
1040132,Leigh McLoughlin
1042280,Laurent Marsan
1046268,Leo van Moergestel
1047281,Laurent Massouli
1050150,Lampang Manmart
1053236,Laszlo Molnar
1054987,LISA MAIOCCO
1055200,Louise Major
1057196,L. J. Mangum
1065542,Luis A. Montero
1067082,Lionel Moulin
1067411,L. S. Mel'nikov
1068319,Leonardo A. Martucci
1069064,Leslie M. Marx
1070836,L. W. Max
1072329,Leonardo Murta
1073480,L. De Moerlooze
1075751,Lauren May
1081166,Luke Matkins
1082675,L. W. Miller
1084290,L. Marrelli
1088767,Linda D. Molm
1090588,Lynne McKechnie
1092706,Lee Middleton
1097890,Libraries For Materials
1101872,Liu Student Member
1104828,Laureen H. Moyer
1105392,Lorenza O. Moreno
1105860,L. j. Marra
1110493,L. Makowsky
1113056,Languages Logical Models
1117502,Luis Mejias
1119439,Loh Wai Mun
1126107,Luis C. Malacarne
1130622,L. FELIPE MONTEIRO
1131600,L. R. Miranda
1135213,Laura L. McPheters
1136876,Ludek Matyska
1137092,Le Dung Muu
1139537,Ludwig von Mises
1139722,Leonel Morgado
1147065,L. Mountzouris
1149724,Luke Mcaven
1150900,Lionel Moisan
1158737,Luis Mateu
1161224,Lisa Mazzuca
1167991,Lawrence Mandow
1170358,Lynn M. Martin
1171091,Lil Mohan
1174045,Lindsay MacDonald
1175919,Louise Mayer
1176114,Leigh S. McCue
1176192,Lluis Marquez
1176400,L. Mangrum
1192992,L. Munoz
1193861,L. M. Miller
1203149,Light light Mesons
1204919,Lior Moscovici
1207633,Luis Mandel
1215072,Lorenzo Magnea
1226535,Leonardo Gresta Paulino Murta
1228481,Lawrence W. Mcvoy
1231433,L. Musaba
1233499,L. Marier
1233656,L. R. A. X. de Menezes
1234677,Lynn Margulis
1237945,Leonid Mikhajlov
1240690,L. Marcano
1241706,L. O. El Marazki
1245510,Lokman I. Meho
1256592,Leonardo A. Martucci
1261435,L. G. Mitten
1264321,L. Menoncello
1266860,Louis N. Moresi
1268136,Lee M. Molho
1269519,Leonardo Mendonca De Moura
1280352,Laszlo Monostori
1285480,Linda McGee
1292188,Luis Felipe Marin
1298872,Luigi Maritato
1312975,Leonid A. Mirny
1313274,Lachlan B. Michael
1316748,L. Mussio
1320145,Leonel Morgado
1323293,Leonid L. Moroz
1324564,Lise Menn
1325020,L. i. r. m. m
1327225,Legacy Applications Michael
1327772,Luis Martnez
1353824,L. Morkrid
1355123,Leonid Makhist
1360919,L. R. Macel
1361542,Luca Mauri
1362760,L. M. Powers Maloney
1364620,Lawrence J. Mazlack
1370793,L. I. MAIER
1374045,Louis Monicr
1377189,Leon F. McGinnis
1394556,Lorer P. Meissner
1396323,Lluis M. Mir
1397592,Laszlo Markus
1405744,L. Mercer
1407602,L. Mayor
1409236,L. E. Martinet
1411396,Lieve Macken
1413941,Leszek A. Maciaszek
1414020,Lucia Mckay
1417947,L. E. Marsden
1419680,L. Couto Miranda
1422886,Lisa Mackay
1424727,Laurent Moccozet
1432827,L T. M. Mcwilllams
1435044,Leandro Navarro Moldes
1437750,L. B. Merrill
1438354,Loretta J. Mickley
1440175,L. L. Ma
1450084,Lutz Ingo Mielsch
1450823,Leslie Moore
1458007,Ludovica Marcellini
1459844,L. Manning
1461710,Liam Murphy
1465573,L. Mori
1470374,Lorenz Mosenlechner
1479936,L. Marcus
1480573,Luke Macpherson
1491877,Lute Maleki
1492923,L. Martins
1493008,Local Wireless Multimedia
1496517,Leonard Myers
1501636,Ludwin E. Molina
1514617,L. G. Matus
1521822,Literature Kathleen Mckeown
1522016,Leandro Navarro moldes
1527372,Lisa Perros Meilhac
1527889,Luis Antonio Montestruque
1528449,Linda MacArthur
1529230,L. Mohan
1529705,Larry Fillion Data Mining
1532977,Lionel Elie Mamane
1536648,Lisa G. Mcilrath
1536921,Laura Monceaux
1538050,L. McMackin
1543293,Lynne E. Maquat
1544585,Leo Marcus
1547152,Luigi Moreno
1558402,L. A. Mccullers
1559450,L. G. Moseley
1562281,Lee Dee Miler
1567770,L. Miller
1570979,Lynn Morris
1573516,L. Mariaux
1574634,Luc Millet
1575263,L. Metzger
1577610,Len G. Margolin
1582420,Ld Ma
1599261,Linjian Mo
1606424,L. Bruce McClung
1607373,Lichun Man
1609028,Leora Morgenstern
1615926,Luis Moreno
1618589,Ludwig von Mises
1619057,Leah Macfadyen
1622636,Leonard J. Mahoney
1624031,Laura Bacchelli Montefusco
1625175,Lars Mnch
1627280,Lorenza Mattei
1628537,L. G. MOCKETT
1634308,Lorraine Mcginty
1639470,Lucas Alejandro Monzón
1648908,L. Mercader
1656050,L. Madar
1660278,L. B. Manz
1660691,Luis M. Matey
1667439,Leandro Moller
1671386,L. M. Moxey
1680437,Lauri Malmi
1683620,Larry Michael Manevitz
1690896,Liliana B. Menalled
1694417,Liviu Marin
1694775,L. H. Mejia
1700540,Leonard J. Mirman
1702644,Lindsay Martin
1705664,Lindsay MacDonald
1708612,L. N. Mattheson
1719558,Larry F. Mattson
1720060,L. A. Moberly
1721924,L. Makris
1722247,Luc J. Martin
1730228,Ll Mcmahon
1733290,Luca T. Mainardi
1738315,Loretta Moore
1739667,Linda McLean
1739959,Leonie March
1740846,L. M. Martinez
1743956,L. C. Menezes
1747208,Leslie A. McArthur
1747702,Luke Weisman Miratrix
1754938,Luiz G. B. Mirisola
1765154,Loft Meiskey
1773557,L. Malling
1775452,Lei Jiang Sarit Mukherjee
1776481,Lindsay MacDonald
1778389,Lou Montulli
1778792,L. T. G. Merlot
1782331,Linda Morales
1783797,Lyubomir L. Minkov
1787554,L. c. Martorell
1790280,Loren P. Meissner
1796050,Lakshmi V. Madabusi
1797526,L. Montanaro
1799389,Laurence D. Mueller
1801555,Leandro Navarro Moldes
1808115,Luca Marsili
1809216,Luis Marroyo
1813517,L. Mossman
1815433,Lakshmi Priya Mahalingam
1819696,Ludovic Mailleret
1820309,Lucio Marcenaro
1824946,Linda S. Milor
1826359,Llu S Serra majem
1826824,Lina Mistinaite
1827193,Lloyd McCleary
1828112,L. Mclaughlin
1828456,Lindsay W. MacDonald
1829850,L. Meier
1831740,Luis M. Camarinha matos
1832840,Lazaros F. Merakos
1836224,Luca Molinari
1837083,Le Markson
1837483,L. B. Montz
1839369,L. Mullen
1840345,L. F. Miller
1842348,Loretta Morgan
1842621,Luiz Augusto Da Cruz Meleiro
1845430,L. Thorne Mccarty
1850860,L. S. Matthews
1865281,Lluís Marquez
1866701,Leonid L. Moroz
1867808,L. MARTINU
1872577,L. Mcgovern
1874761,Lance Munday
1876269,Laurent Massoulie
1876415,Loris Marchal
1877576,Landson M. C. Mhango
1880122,Lorenz Moesenlechner
1885991,Loni Smith Mckown
1892033,Lamine Melkemi
1892202,Lars Monch
1893760,Larisa Matejic
1898535,Lus Lopes Mail
1908930,Larry J. Menor
1909844,L. del Moral
1912342,L. Melli
1924083,Lisa S. Matthews
1927479,L. S. Mitchell
1935306,L. Mattioni
1935429,Lyudmila Mihaylova
1936009,L. Mengel
1937369,Lawrence P. McIntosh
1939531,Larry Mcmurchie
1943751,Lorenzo Moneta
1944573,Logan Muller
1947956,Les Morss
1950886,Lourdes Mu
1956238,Luke Mathieson
1956630,L. Mangasarian
1961962,Lihi Zelnik manor
1976065,L. Michaeli
1981506,Luka Milovanov
1988563,Lionel J. Mason
2004650,Luigi Marengo
2008203,Linda Milne
2017917,L. Martino
2018402,Lefteris Mamatas
2018743,Liam J. Mcguffin
2023053,Laura Hegerle Montague
2029809,LORI JO ANN MIERAU
2030150,La Cascia M
2032006,Laurence Mercier
2035178,La Manga
2037142,L. D. Melvin
2042628,L. Le Meunier
2044553,Luc Moreau
2050874,L. Mathew
2050899,La Moyne
2052178,L. Marquez
2052223,Lawrence Markosian
2056883,Lamine M. Mili
2059794,Landon Myer
2069319,L. Alex Morrow
2071780,Laxmikanta Mishra
2073861,Luis Moreno
2076059,L. W. Milian
2077042,Ludwig von Mises
2086086,L. McBride
2086913,Lev Muchnik
2108647,Learning Methods
2112907,Leszek Moszczynski
2112998,L. Mazenq
2114645,Luis G. MacDowell
2116708,Laurence D. Mueller
2119730,L. Morato
2123000,Lars Mehrmann
2126968,Luke F. Mitchell
2131009,Louis Mussat
2133653,L. P. Magalh?aes
2136055,Laurent Mugnier
2141813,Liviu Cristian Miclea
2149514,Letitia Mirea
2150010,L. Mahler
2155268,Laurie A. Marshall
2158273,L. M. Mende mueller
2161735,Luis Rodero Merino
2162965,Luis F. M. De Moraes
2163419,Lindsay W. MacDonald
2172885,L. A Torres mendez
2174164,Lmu Munchen
2189671,Luis A. Flores Mena
2194798,Liz Minton
2195849,Linda G. Means
2197354,Laura A. Mather
2202884,Luca Mazzei
2204463,Leonardo A. Martucci
2206412,Lionel Martellini
2208376,Larry Mongin
2211938,Lauren M. McIntyre
2213279,Learning To Maximize
2217112,Leonardo Mangeruca
2217244,Local area Network Magdalena
2217839,Lluis M. Mir
2218537,L. Milano
2227473,L. Molnar
2231208,L. Marshall
2234515,Leon I. Maissel
2239164,Lynne E. Maquat
2243181,L. W. Masters
2245120,Local Forecast Model
2245131,Leigh McLoughlin
2250760,Lotfi Mhamdi
2257271,Leslie D. McCurdy
2259822,L. Ma
2261245,Liutauras Marcinauskas
2269817,Lurdes de Castro Moutinho
2271322,Les L. Miller
2272463,L. Mischke
2272956,Lex A. Molenaar
2283781,Lisp Machine Manual
2284104,Lucien Montanet
2292990,Luce Morin
