3578,Lydon Ong
8416,Licinio Oliveira
68828,L. S. Onyshkevych
83738,Lennart Olsson
90016,L. Olin
93437,L. E. Sj Oberg
145594,LARS J. OLSON
146380,Luis J. Oms
160727,Louis Obando
178730,Lee E. Ohanian
211836,Luis Onieva
221006,Lennart Olsson
229437,Lauro Ojeda
240934,L. Oreopoulos
274099,Lorna Olsen
291002,Lara D. Oliver
344607,Leon Osterweil
345341,Lloyd J. Old
396204,Lu'is C. Oliveira
414096,Liz Osten
426497,L. M. Osterink
478816,Leonardo Rocha de Oliveira
587239,Livia Origlia
602671,L. Ogawa
619440,Lorne Olfman
647238,L. Orgel
654148,Luc Van Ootegem
660880,Leida Van Oene
682441,Lionel Ott
684827,Laszlo Orzo
694709,L. E. Ostrander
712408,Luis Claudio de Oliveira
720329,Lionel Oisel
763072,Luiz E. Soares De Oliveira
779054,L. Oukhellou
780642,L. A. O'neill
781484,Lawrence H. Ozarow
787422,Lee Ohanian
838061,LOUIS OLLIVIER
845751,Lee E. OhanianW
923111,LOUIS H. VON OHLSEN
923949,Liang yuh Ouyang
990399,Laszlo Orban
1006737,Landau ginzburg Orbifolds
1012760,Laurent Brehelin Olivier
1039700,Laerte Oliveira
1050754,Luis Antonio Orozco
1054602,L. V. Ovsiannikov
1067253,Leif K. Oxenlowe
1109799,L. m. Ostar
1168913,L. L Onnblad
1191415,Lauren J. O’Donnell
1217649,Lee E. Ohanian
1233816,L. R. Oldeman
1246238,Leo Ochoa
1277890,Luca Olmi
1310956,Leun J. Otten
1312716,Leonard L. Orzol
1325322,L. r. Owens
1347237,Levent Ozcolak
1374701,Louise Osterholtz
1375102,Lukasz Opyrchal
1393625,L. Opalski
1405119,Lauri Oksanen
1459767,LLOYD J. OLD
1479265,Larry E. Owen
1495640,Linear Operators
1508071,Lee Olson
1542208,L. M. Olsen
1554225,L. M. Ojemann
1561457,Lenaldo Muniz de Oliveira
1563541,Language Parses On
1592363,Luke O’Connor
1605057,L. c. Ong
1642700,L. V. Orman
1650098,Lee Ohanian
1654240,Lloyd J. Old
1661266,Levent Orer
1662666,L Okamura
1688073,L. d. Olavarrieta
1707749,L. J. Osterwell
1729747,Laurent Ouvry
1739373,Leif L ¤ onnblad
1751335,Leah O'Brien
1766162,L. R. Oberh
1774338,Loratadine Based On
1779939,Left deep Join Ordering
1799229,Lindell E. Ormsbee
1802833,Levent Oktem
1855346,L. Olmos
1880618,Learning Within Organizations
1887218,L. Odess
1923641,Liang H. Oei
1951378,Luciano Copello Ost
1957269,Learning Objectives
1984782,L. Bergstr ¨ om
1998773,L. Oddsson
2057758,Leonid Oliker
2058929,L. O'connor
2066558,L. V. Ovsyannikov
2112883,Lance M. Optican
2120516,L. Ozdamar
2120848,L. Osterweil
2131754,Lawrence Ong
2133636,Lisa Olsen
2139446,Lennart Olsson
2171719,Leun J Otten
2173134,Leif Jöran Olsson
2178569,Lynne C. Olds
2220558,Luciano C. Ost
2221042,Lohrmann Observatorium
2269658,L. Ongkiehong
2285265,Lynn I. Olsen
2286366,Lenaldo Muniz de Oliveira
2289476,Luis Osin
