15502,C. Tasman Westcott
16033,Chenfeng Wang
18078,C. D. Wieseman
19401,C. M. Wang
26227,Chun Wang Wei
33804,C. B. H. Wolstenholme
39028,C. E. Weitzel
41552,C. a. Whiting
43423,Chiung shen Wu
46764,Cynthia Williams
49671,C. Winter
49738,Colum Watt
55027,Cheryl Wright
57786,Chin long Wey
61494,Colin Wilson
65167,Christopher Wendt
67341,C. Watson
73415,Christian Wartena
75793,Chung yu Wu
76809,Christopher Wilson
80398,Cheng Shing Wu
82766,C. Wolff
83968,C. Wodtke
85100,Chuanmin Wang
98891,Chunru Wan Lipo Wang
102183,Christian De Waal
102249,Cheng Hui Wang
106227,Chuang Wang
108406,Craig Alan Wood
110811,Clemens Wouters
115917,Cheuk san Edward Wang
116656,Carl E. Walsh
123682,Chih Wah Wong
140790,Chen Wu
140998,Clemens Wollner
153034,Carol S. Woodward
156350,Cdms Obtained With
164665,Chirita De Wolfgang
165842,Chris Waite
166371,Carl Wellington
171407,C. r. Wie
181875,Cricket Wilbur
187281,C. D. WEST
198566,Christoph T. Weidemann
202986,Christian H. Whiting
203976,Carl E. Walsh
206253,Clint Wright
206532,Christiaan van de Woestijne
207447,Chih Chien Wang
209474,C. H. Weysenfeld
209695,Chih kan Wang
215906,C. A. Wuthri
216887,Charles L. Walthall
225297,Colin White
226397,C. B. Winn
234669,Carey D. Waldburger
239308,Clyde Webster
244170,Christopher K. Wikle
249134,Craig Webster
264979,Christopher L. F. Woodcock
279269,C. Wannaz
287337,Chaohui Wang
290034,Commercial Workloads
292858,Curtis A. Wong
295981,C. Weisart
296551,Clinton S. Willson
309411,Charles W. Wample
311611,Chih Hung Wu
312833,C. s. Woo
317915,Charles Wyplosz
322398,Chih Cheng Wang
323433,Christopher B. Wilson
324544,Christoph Witzgall
325590,C. b. Wharton
336426,Carsten Wilke
336689,C. Anway Wiese
336918,Chi Huey Wonga
339226,Control In Wireless
340785,Carol J. Wilson
344654,Chun Bin Wen
349827,C. Westerman
349834,Chan Fu Wu
353068,Chengjian Wei
355476,Chong Wan
356937,C. Wheatstone
362826,Cnet Website
365901,Chunhua Weng
373811,C. c Wang
380027,Christine B. Williams
381759,C. Woodward
386250,Cheng Wen Wu
390448,Charlotte D. Wenger
391088,C. C. Williams
398174,Charles B. Weinstock
398756,Christine Wania
399264,Cathy H. Wu
401628,C. St J. A. Nash williams
404496,C. Weiand
408545,Christoph Wierling
408673,Chionh Eng Wee
419579,Christina E. Warrender
425393,Chris Walters
426819,C. Wyss
427528,Chi Huey Wong
432810,Charles B. Wakefield
434744,Changan Wang
440728,Carlos Becker Westphall
443386,Carl R. Woese
451811,C. a. f. j. Wijffels
454398,Christian Wicke
456091,Charles J. Werth
462350,Charles J. Werth
463540,Christy Woo
474615,Chuanyong Wu
475290,Class Of Wireless
476561,Casey Wardynski
479225,CHRIS A. WRIGHT
487532,Carr Wilkerson
488554,Christoph Weyer
493548,Chen sun Wang
494907,Claude M. Weil
495422,C. Winfrey
499836,Charles Wyplosz
503568,Chun yi Wong
505495,C. H. Wennerstrom
505692,Colette Wilklow
506087,Category Informational Writing
509245,Chad M. Wangsvick
509556,Ch. Weidenbach
524016,C. Y. Wangb
524695,Craig Ward
530737,Christian J. Wellekens
535814,Chi Ye Wuy
536201,Christian Wolff
537076,C. Waerdie
539677,Cees Witteveen
543847,Carolin Willeke
545531,Claus peter Wirth
545720,Charles H. P. Wen
548478,Carl A. Waldspurger
556062,C. Weicek
556674,C. Wright
558675,Christian Wirth
558861,Chien Min Wu
563206,C. Wilson
564455,Christina Widera
571422,C. Whitney
592141,Chang Hee Won
592872,Chi Huey. Wong
594281,Chak kuen Wong
597255,Christoph Wargitsch
598164,C. d. h. Williams
598573,C. Wilson
608410,Chris Wysocki
612201,Carl P. Mason H. H. Wills
615326,C. k. s. Wong
615778,C. Wei
632367,Colin Wymer
633608,C. Winkler
643466,Ching zong Wei
646633,C. W. Wiiliams
650843,C. Waerdle
658150,C. Watts
664421,Christof Woll
667543,Christopher K. Wikle
669177,Clinton S. Willson
670382,Chung Yung Wu
680529,Cho li Wang
688351,Chien Long Wu
696492,Christian Wenzel
697398,Chien Tang Wang
698411,C. c. Wu
704316,C. Weiman
704876,C. e. Wu
707613,Chien Ting Wu
707872,Christopher Wetzler
709199,Ching Tung Wu
712106,Chris Weider
713524,C. Wurm
721322,Cheng Tao Wu
721680,C. S. Wardle
722720,Carlo Wouters
726919,Chang Ming Wang
727013,C. Watanabe
727722,Curtis Wong
727734,C. Waltner
731254,Cynthia Woodburny
733579,Christian Wartena
733776,Chun wei Wu
736126,C. D. Woody
736551,Colin D. Walter
736690,Christopher D. Wensley
738334,Colin A. Wraight
740175,Christian Wieners
741326,Clemens Westerkamp
749239,C. Wiedmann
757086,Captain William
764368,Chorng Kuang Wang
767266,Curtis G. Wilkerson
767617,Charles A. Weaver
767855,C. A. Willkens
775997,Curtis Wong
776119,Carl E. Walsh
782580,Chi Huey Wong
786830,Chung hsiao Wang
789670,China Douglas B. West
798438,Coral G. Warr
804001,Chih hang Wu
806636,C. Willmott
809607,CALVIN H. WILCOX
814242,Chi Hsu Wang
820825,Christopher T. Whelan
825464,Claus Weihs
826758,Chee Sun Won
828025,C. j. Butz S. k. m. Wong
828073,Casey W. Wright
836327,Cheryl A. Woolhead
836803,Carol Withrow
837856,Colin O. Wu
854277,Chester G. Wilmot
854346,Cm Woodside
855592,C. Scott Walker
857539,Chi Huey Wong
860647,Christopher Wood
862478,Carlos Canudas De Wit
873392,Chi Huey Wong
879621,C. Whither Wiedman
881647,Chi Haur Wu
888952,Chi tsung Wu
898951,Cosmic Gravitational Wave
901787,Chi Huey Wong
901817,Ch Em Es Network Working
905119,C. Wan
907385,C. Murray Woodside
910825,Charles Williams
912018,C. R. Winterhalter
913003,Carsten Witt
913129,Cheng ke Wu
918297,Charles A. Wood
929485,Cindy Woodland
937367,Chin H. Wu
949344,Christian Wartena
950689,Casey W. Wright
951778,Chin dong Wang
952074,Chan Pik Wah
962170,C. Walker
963261,Clair Webb
968616,Craig Walther
969639,CRISPIN WRIGHT
972850,Chih kai Wang
975916,Christopher R. Ward
978896,Chris Wilder
979136,Clive M. J. Warren
980277,Chua Teck Wee
981437,Choong Hee Won
986216,Christopher D. Walton
986232,C. M. Wu
986868,Charlene (Chuck) Walrad
989312,Christopher J. Van Wyk
993522,Christian Weiss
996870,Chang Chung Wen
1006528,Catharine M. Wyss
1008570,C. H. Wu
1013214,CARSTEN WOLFF
1015915,Christoph Wree
1018635,Cynthia S. Waszak
1026038,Caroline Cardon Weber
1037145,Crispin Wright
1050667,Charles F. Webb
1053570,Chia chi Wang
1058712,Conservation Law With
1060089,Christian Wieczerkowski
1068370,Clemens Westerkamp
1079493,Chris Wells
1084473,C. G. Willison
1086416,Christian Wolff
1092362,C. Wolting
1095334,Cheong Yui Wong
1097114,Charles Theodore Wolfe
1097436,CLAUDE WILSON
1107974,C. X. Wang
1114637,Chee Sun Won
1111358,C. Wood
1113181,Changlin Wang
1114367,Colin R. Williams
1121390,Charles H. Whiteman
1127209,Clare Wilson
1130660,Clifton Williams
1137012,C. d. w. Wilkinson
1138576,Catherine G. Wolf
1150151,Cj Willmott
1150552,Cation Of Writers
1153781,Carsten Weich
1171830,Claudio Weidmann
1172613,Cathleen Wharton
1177200,Changshi Wu
1189272,C. Winston
1193798,Chin H. Wu
1195275,Cao An Wang
1202190,Carine G. Webber
1203077,Chauncey E. Wilson
1205504,C. WILLIAMS
1209820,Chia Song Wu
1218000,C. m. l. Wu
1218972,Christopher Williams
1219798,Chang Luen Wu
1220961,Chester G. Wilmot
1222262,Christina Wong
1225430,CAROLE WARSHAW
1226552,Craig Williams
1230637,Christopher L. Wagner
1233929,Chun Wang Wei
1238950,Chunru Wan
1239819,C. w. Werner
1239949,Claire Waelbroeck
1241192,CHARLES WHITEMAN
1251705,Chung e Wang
1252003,Cheng Kun Wang
1261326,C. K. Wong
1263411,Claudia Wanderley
1265370,Chi jui Wu
1276351,Christoph Wirth
1277942,Chung hsien Wu
1280734,Carl S. Winalski
1283012,Chun Yan Wang
1283057,Chuan Pwu Wang
1286227,Cheryl A. Woolhead
1289432,C. c. Wei
1300451,C. Weilman
1304323,CARDS Robert Webster
1306144,Chi hsin Wu
1307711,Christopher B. Wilkerson
1312495,Cheryl L. Willman
1326290,Curtis E. Woodcock
1336907,Christine E. Wania
1339853,Crown Walk
1340056,Christopher J. Whitaker
1348457,Chung Cheng Wu
1351921,C. B. Woodworth
1354090,C. C. Wackerman
1355446,Claudia Pahl Wostl
1361303,Colin A. Wraight
1362584,Ci Wang
1362652,C. C. Wang
1364382,Carrie Wilpolt
1368588,Clement E. Ward
1369885,Chia hsin Wu
1372322,Clazien D. Wezeman
1374422,C. s. Wan
1375558,Chong Woo Woo
1379892,Christian Wawersich
1380938,C. Warren
1381075,Christopher T. Whelan
1383368,Chin Der Wann
1387825,Clark W. White
1388342,Chen Mie Wu
1389341,Carl Werner
1397667,Chi Ming Wang
1399855,Chih Ming Wang
1412760,Christopher R. Wronski
1417050,Chongyue Wei
1428988,C. G. E. Wijnands
1433263,Christopher D. Wickens
1437642,Chengshu Wang
1437955,Changhua Wan
1441097,C. Weng
1444687,Christoph Wissing
1452914,C. van der Worm
1463220,Chih yu Wang
1465054,Carsten Winkel
1473204,Christine I. Wiedman
1482654,C. S. Wuu
1483460,C. Wyon
1483806,C. Williams
1487656,Clark Wiedmann
1489544,Clive Warren
1501233,Christopher E. Woods
1506434,Christopher Wolf
1508157,Chun long Wang
1508413,Chuck Winters
1510718,Cormac Walsh
1512031,Charles H. Whiteman
1514179,Chung I. Wu
1524295,Christopher E. Weaver
1525856,Chung Kei Wong
1527782,Chelsea C. White
1532631,Carl Peter Watts
1548542,Christoph Weidenbach
1549075,Clemens Wiesinger
1551200,Clairy Wiholm
1555379,Colin W. Wightman
1555487,Crispin Wright
1559056,Caroline R. M. Wilkinson
1560061,Collection In Wireless
1573949,C. Wang
1576130,C. K. C. Wang
1582085,C. Wrathall
1589284,Christopher Workman
1590956,CARLR. WOESE
1592553,Cameron Wellock
1592684,Charles R. B. Wright
1595460,Colin E. Webb
1598084,Chris Winstead
1617823,Caspar H. van der Wal
1618646,Chih Shing Wei
1623412,Chi Hsiang Wang
1623774,Clarence W. Wilkerson
1644626,C. Warner
1647418,Christopher L. Wyatt
1654367,Carolyn R. Watters
1658030,Carsten Weise
1659618,Charles V. Weber
1661710,Carl D. Worth
1664136,C. A. Wilson
1669536,CEDRIC WILWERT
1673017,Constantin Weber
1677890,Charng Shi Wu
1689668,Charles Wagner
1690123,Charles G. Wellemeyer
1692452,Chao Kai Wen
1694290,Cstg Webmaster
1695096,Chien Ming Wang
1703321,Chip Weems
1704853,Carol A. Wellington
1705739,Carrick C. Williams
1718646,Chiu Kwong Wong
1718767,C. Wilson
1729465,Chin Lee Wu
1730087,C. F. Walmsley
1730475,C. Donald Wilcox
1734492,C. J. Warmer
1738198,Cheryl Watson
1739727,Chris Wiggins
1744958,Carl Henrik Westerberg
1750544,C. Wermelskirchen
1750792,Catherine A. Wheeler
1753811,C. Weber
1754003,C. Wang
1754963,C. d. Wu
1763096,Chun Wang Wei
1768326,Cathy Wilburn
1779514,Clasine Van Winter
1783783,Cilia L. M. Witteman
1784493,Cynthia Wu
1791116,Chun yao Wang
1803366,Cheng shong Wu
1812474,Chao Wang
1813008,Changing Public Sector Wage
1819759,Carl Winstead
1820567,Christina Wolfson
1820725,Coral G. Warr
1826642,Chuen ching Wang
1827825,Configuration Wermelinger
1828330,C. Wysocki
1838269,Christopher Wild
1843668,C. Wurthrich
1849299,Characterization Driven Web
1866128,Curtis G. Wilkerson
1866161,C. D. White
1866179,Chou Chen Wang
1869442,Chantal Wentink
1869999,Constraints Toby Walsh
1873318,Charles H. Walter
1874399,C. i. Westbrook
1876205,Chong Wang
1881592,C. Widick
1881714,Commercial Whaling
1885512,Catherine D. Wolfram
1896403,Charles Wallis
1903529,C. F. Wheatley
1906785,Charles P. Wright
1907687,C. Weaver
1914762,Changhu Wang
1915323,Chiu Hsien Wu
1916702,C. g. Williams
1917171,Carl Fredrik Westin
1917303,Chi Huey Wonge
1929232,Catherine Worthington
1931334,Chang Hai Wang
1933895,Christian Wartena
1936727,Chih Hsien Wu
1936841,Constrained Traffic With
1938997,Clovis Wotzasek
1939605,Chi Huey Wong
1942539,Courtney Wade
1947225,Christian C. Wagner
1953100,Christoph Weyers
1955256,Christoffel Waelkens
1957095,Cees G. Wesseling
1960418,C. Wittmann
1961314,C. Weeks
1966051,C. Werner
1968844,C. Westerdahl
1971068,Carter Wendelken
1975702,Carol S. Whitney
1977169,C. M. Worrall
1986152,Craig Bisset Wilsen
1986290,Curtis A. Wong
1987691,C. M. Wine
1988025,Chung C. Wang
1988207,Clint S. Wilkins
1994265,Chung Ching Wang
1997562,C. J. Wells
1997820,C. Watcher
2000293,Charlie X. Wang
2005123,Comparisons With
2008023,Chunhua Weng
2008606,Chuan kun Wu
2012920,Curtis A. Wong
2014924,Chirag Wighe
2016523,Chikara Watatani
2022978,C. Wiecha
2026385,Chi Kong Wong
2027937,Christoph Walther
2029003,C. K. Wong
2029244,Craig R. Wanke
2035543,Corpus For Word
2035782,C. t. Wan
2046727,C. W. Wang
2051488,Christof Weinhardt
2052293,Coady Wing
2053100,Chris Wright
2062170,Chun chia Wang
2064762,C. L. Wadhwa
2065052,Carsten Willems
2066142,Claudia Wulff
2076019,Chuanyang Wang
2077286,Christian Wagner
2081827,Chui Yin Wong
2084258,Ching I Weng
2084801,Colin A. Wraight
2085734,C. Wimmer
2093194,Christian D. Wilms
2094840,Clinton N. Woolsey
2099718,C. Van Wijk
2101315,Chris Williams
2102308,Charles Wetherell
2103657,Chen Shu Wang
2106741,CLARE WOODS
2107118,Campbell Wilson
2109414,C. C. Wang
2109658,Christof Wetterich
2111572,Chien Hsing Wu
2111709,Changjie Wang
2113159,Christopher M. White
2113223,Christian Wienbruch
2113787,Chih Shih Wei
2114402,Ch. Wang
2123056,Charles Ward
2128984,Changchang Wang
2138394,C. C. Weggen
2141001,Coding For Wireless
2147761,C. M. Wiggins
2147815,Christopher Walker
2149551,Chun Jen Weng
2149875,Che Tat Wun
2150914,Christian H. Weber
2155770,Carl Wijting
2173490,C. Williams
2175320,Chien Hung Wu
2175833,Chang J. Wang
2176234,Christopher A. Welty
2177633,Chi San Wu
2181371,C. S. WONG
2182992,Curt M. White
2201394,Clemens Wollner
2203512,C. F. Westbury
2204544,Chih Po Wen
2212247,Charles L. Wilson
2212446,Chung Bin Wu
2216440,C. S. Won
2224813,Christopher M. Wilson
2225071,Chun Hee Woo
2230561,Christopher P. Wadsworth
2233023,Cheng Hao Wang
2244445,Changliang Wang
2245483,C. K. Wong
2248911,C. S. Withers
2250951,Cornelia B. Wunderer
2255094,Charles Wyplosz
2255589,Chun Meng Wu
2258755,C. B. Winsten
2259710,Caihua Wang
2259872,Changbao Wu
2262772,Clement E. Ward
2267349,Colin A. Wraight
2267621,Charles H. White
2276927,Chaoming Wang
2280774,Chai Wah Wu
2282208,Cynthia Wong
