1819,K. D. Weltmann
2816,Kathryn Anne Weiss
5794,Key Words
25441,K. Walus
35156,Kwok Wo Wong
35823,K. J. WHITLAW
56886,Kai Juan Wong
57697,K. Wich
75727,Kenneth Waltzer
77326,Kevin Watkins
77377,K. Wierman
81237,K. Wick
93551,Kurt Wthrich
108918,K. Chauncey Wu
112846,K. L. Wong
122597,Ken Webb
131790,Kim H. Whittlesey
138537,Kai ying Wang
143134,Ke Wu
147151,Kurt J. Weingarten
157281,Kevin J. E. Walsh
162473,KENNETH W. WALKER
165020,Kimberly P. Wickland
169851,Kenneth S Wu
174394,K. k. Williams
179989,K. Werkman
182384,Kevin Warwick
187038,Kang L. Wang
187774,Kitty K. Y. Wong
192115,K. W¨uthrich
198736,Klaas Van Der Werff
199431,Kin hong Wong
207225,K. Wendler
211930,Kd Wallace
225981,K. Walker
228991,Kyungtae Woo
234366,Kenneth Wilson
236436,Kevin L. Williams
243463,Krzysztof Z. Walczak
245695,Kai jie Wu
245771,Kenneth Wauchope
246147,K. J. Weilmuenster
246251,Kenneth West
261318,K. a. Wimmer
269941,K. Watabe
271444,Kuansan Wang
288479,Kelly Wilson
295606,Kimberly M. Wasserman
305951,Keith J. Williams
306419,Kin Mun Wong
313122,Kenneth R. Wood
322510,K. Weierstrass
328215,Kesheng Wu
333983,Karl E. Wunderlich
342434,K. H. Watzlawik
346896,Karl Warneryd
358694,Keith R. Walley
369103,K. Werlen
369958,Karen Willcox
373188,K. M. Westerberg
376435,Kirsten Wahlstrom
382299,K. Wiesent
383097,Kavishwar B. Wagholikar
383983,Kwangyoen Wohn
385709,Kristopher Wehner
389669,Kendall Wrightson
401278,Kazunori Wakatsuki
411482,Kip Wheeler
414269,Kuo cheng Wu
416150,Kelly John Ward
421060,Kenneth J. Waldron
429725,KEITH A. WISHART
431268,Krzysztof Wilmanski
431791,Kimberly Kelly Wintenberg
436987,Klaus Wertenbroch
441513,Kyu young Whang
442135,Katie Wilkinson
456118,Keith G. Woodgate
457160,K. W¨utrich
458299,Karsten Meyer waarden
468445,Karen Wang
469193,Kristian ten Wolde
476131,K. Watari
478493,Kris Wysocki
484319,K. Reim H. Wegener
493855,K C P Wong
498756,Krzysztof Wisniewski
510080,Kun lung Wu
516739,Kyu Chang Wang
518473,Keith Wilson
524137,Kirsty Williamson
529333,K. Wothke
548450,KELLYE WOODS
553243,K. Wright
553624,K. C. Wu
553812,Karim N. Wassef
554059,K. Wan
574498,Kai ge Wang
575610,Kerrie Wilson
579533,Karen Ward
582264,K. Woodberry
588228,K. B. Williams
599158,Kuansan Wang
613805,Ken Williams
615079,K. l. Wang
616144,K. Walther
616631,Katherine J. Willis
619143,Kathy Brittain White
631126,Kathryn Warwick
637322,Kimberly Williams
639345,Katharina Wolter
643547,Keith D. Waddington
659687,Kyochi A. Watanabe
661128,Katarzyna E. Wac
664073,Karen Wilson
679252,Kai Wang
685124,Karen Hopper Wruck
692273,Katarzyna Wac
692605,Keith Whittingham
701250,Kirk Webb
705869,Klaus Witrisal
713139,K. Weiss
728119,Karim P. Wazni
742804,Karsten Weihe
743897,Kahou Wong
752785,Kerry N. Wood
774228,Kong Ming Wu
779431,K. C. John Wei
779578,K. k. w. Wong
787245,KENNETH M. WEISS
803740,Klaus Dieter Weller
820598,K. Wegmann
833768,KS Wong
845038,Kon Max Wong
847607,Kathryn J. Wahl
849030,Kevin Wong
852069,K. Woelcken
852479,Kar lik Wong
856746,K. E. Wetherby
861824,Kohei Watanabe
865002,Krzysztof Wecel
876924,Karen M. Warkentin
887429,Keven Weber
894046,Klaus Wassermann
899555,K. Walker
900101,K. Wille
903887,Kapila C. Wavegedara
929044,Karl Heinz Weidmann
931171,Kenneth D. Wagner
931968,Kevin C. Warnke
934547,K. Waldén
935628,K. Wen
935925,Kate Weiner
937666,Kiri L. Wagstaff
941819,Kunimitsu Wakamatsu
957299,K. Wilson
966239,Kuen Hsien Wu
970650,Krister Wirenstrand
976554,Kurt Wuthrich
979587,Kimber L. White
990291,Kenneth Waltz
994712,Kang Ping Wang
1000755,Kay Womack
1010285,Kevin Whitby
1024681,Kenji Wakafuji
1036775,Karsten Winkler
1037730,Karl T. Whelan
1039593,Kehui Wua
1045332,Kerstin Wagner
1050455,K. B. R. Wijayaratne
1065586,Kai Wu
1070555,Karen M. Warkentin
1073016,Kaiyu Wan
1077720,K. Woelders
1078606,K. Wuthrich
1096590,Kenichi Wakabayashi
1099139,Kiyotaka Was
1102090,Katja Wolf
1103267,K. M. Wyrwas
1108172,K. V. Workman
1108917,Keith Watson
1112172,Kai Warendorf
1113070,Ke Wang
1115730,Karlheinz Wei?
1128307,K. h. Winkler
1130794,Kenneth Williams
1138502,Kurt Waldner
1142095,K. W. Wecht
1153719,K. West
1157730,Kaiyu Wan
1159444,Kaili Wu
1159717,Karl Weierstrass
1161054,K. E. Welch
1182139,Katherine J. Willis
1184718,Kinwah Wu
1193236,K. Wochlnger
1195390,Kevin Wiley
1195998,Khurram Waheed
1196992,Komwut Wipusitwarakun
1198557,K. K. Wang
1215497,Kurt W. Weiler
1219564,K. Walsh
1224172,Kevin R. Weaver
1227218,Kuang Yeh Wang
1228257,Karsten L. Worm
1235244,Kathleen Weiss
1244738,Keith B. Wipke
1248659,K. N. Whitley
1250001,Kenneth Wilder
1256061,K. Brad Wray
1265261,Kaiyu Wan
1267829,Kin lu Wong
1290249,Klaas R. Westerterp
1303367,Karl Weierstrass
1317744,KUNYANG WANG
1319233,Karl Whelan
1321863,Kai Xie Wenbo
1322679,K. H. Wrolstad
1329408,Karl Whelan
1330841,K. C. Wang
1336940,K. F. Wan
1340051,Kathryn L. B. Wood
1344046,Kurt Wiithrich
1348203,Karol Waichman
1349135,Keith E. Williamson
1362220,Kenneth H. Wolfe
1364028,Kevin S. Woods
1365592,Ki Woong Whang
1389745,Kevin G. Waugh
1393166,Karlman Wasserman
1411999,Kh. Abdel Waged
1422491,K. Wolf
1435237,Karl F. Warnick
1453476,K. Wakai
1466063,Karl Erich Wolff
1468615,Kevin Warwick
1476882,Kuen Der Wu
1481379,Karina Weron
1482010,Karan L. Watson
1482319,Kenneth West
1485418,K. Wada
1490301,K. g. Woolsey
1497937,Kurt Weyand
1501722,Kent Wittenburg
1512417,K. Winn
1515221,Keith Williams
1517202,K. B. Whiting
1518836,Kathryn S. Wilson
1550579,Karl Weierstrass
1556684,K. w Whang
1556856,Ke Hui Wu
1558460,Katja Wolf
1559752,Kenneth Wacks
1562333,Klaus Wilhelm
1563532,Kwang Ho Won
1582339,K. Wiesemann
1584399,K. i. Werner
1586582,K. Wajda
1586737,K. Dane Wittrup
1588637,K. E. Watkins
1593987,K. C. Wavegedara
1604153,Kin Hong Wong
1606485,Kaibo Wang
1609647,Kristian Waters
1617910,Krister Wolff
1628843,K. W. Wang
1634835,Keith D. Waddington
1652511,Kurt Weyland
1668653,Koichiro Wakasugi
1668832,K. Dane Wittrup
1669956,Kees van der Wal
1671871,K. Werner
1686698,Klaus Wojczykowski
1688740,Koren Ward
1689467,Kai Wendlandt
1690377,Kenneth Wong
1699496,K. Wiig
1705923,K. C. B. Wavegedara
1707962,Kate Weiner
1708627,Katharinc Whitehead
1709730,Kris Charles West
1714110,Kurt Wiesenfeld
1716039,K. Willeke
1726071,Kongming Wu
1744646,Kerrie A. Wilson
1748413,Kei Davis Philip Wadler
1754249,Karl Whelan
1758415,Kenneth R Wood
1763340,Kym Watson
1770683,Kuo Chen Wang
1771675,Klaus Meyer wegener
1783262,K. Whitehouse
1783295,Konrad Wrona
1791667,Kleene Algebra With
1801013,K. n. Werner
1804530,Kui Wu
1810038,Kenneth W. Wachter
1821755,K. Y. Wichlund
1822791,Kurt ulrich Witt
1824093,Kevin Warwick
1853705,K. P. Wilson
1860450,Kwan Yin Wong
1862509,Keith Woodward
1863136,K. Watan
1866148,Klaus Wurster
1872794,Kevin Warwick
1876418,K. Warg
1887751,Kehui Wei
1891906,Karen Willbrand
1896915,Kenneth M. Wallquist
1921587,Kenneth R. Woodberry
1927907,K. Wagner
1941591,Kwan yee K. Wong
1945961,Kenneth M. Wilson
1949420,K. Wallis
1949999,Kangheng Wu
1960802,Karen E. Willcox
1980638,Keven Weber
1981719,Ko van der Weele
1994182,Kristian E. Waters
1994338,Karl Joachim Wirths
1997181,Kathryn Wright
1999744,Kim Whittlesey
2000064,Klaas Wynne
2007968,K. A. Walsh
2016266,Kristopher Wells
2039425,Kevin R. Wrenner
2041864,Ken Wexler
2067447,Kathryn J. Wiggins
2076794,Kathryn M. S. Winter
2078720,Kenneth F. Wong
2083020,K. M. Whaley
2083777,K. J. Wiliams
2091109,Kenneth Wilson
2097056,Kenneth G. Wilson
2100169,Kewen Wang
2102505,Karen E. Willcox
2103455,K. Wilkonson
2104732,Kalevi Wiik
2104824,Klaus Hendrik Wolf
2111170,Kuoying Wang
2114375,Kristopher E. Wise
2132400,Kenneth Wurtzler
2135296,K. j. White
2135809,Kwang Bang Woo
2140130,Kok Cheong Wong
2141761,Kai Wang
2144014,Klaas Jan C. Wientjes
2145686,Koichi Wakita
2153451,Kenton Williams
2155129,Keith Worden
2159998,Kon Max Wong
2176175,Kristof De Witte
2177341,Kenneth Neal Waltz
2183708,Kent A. Weigel
2186134,Kurt H. Weiner
2195878,Kavishwar Balwant Wagholikar
2202355,Klaas Wynnea
2210648,Katarzyna Wegrzyn wolska
2246694,Kenneth D. West
2252094,Klaas Wynne
2252995,K. M. Wallace
2255795,Kevin White
2256783,Kuo Hua Wang
2257892,Kai C. Wong
2258114,Keith B. Wipke
2262345,Klaus Wilderotter
2267126,Kirrily D. Wong
